station_code,station_name_zh,chainage_km,distance_from_prev_m,platform_type,platform_width_m,platform_length_m,crossover_pocket_track,min_curve_radius_m,max_grade_permille,contract_section,source_citation,geometry_evidence_class,chainage_evidence_status,platform_evidence_status,trackwork_evidence_status,curve_grade_evidence_status
Y29,劍南路,0.000,0,island,10.0,80.0,UNKNOWN,UNKNOWN,UNKNOWN,North Circular Contract,DORTS Comprehensive Plan Summary p. 摘-4; Table 8.1-1 p. 8-4,OFFICIAL_STATION_CHAINAGE_DETAILED_GEOMETRY_UNKNOWN,OFFICIAL_TABLE_8_1_1,OFFICIAL_TABLE_8_1_1,UNKNOWN_UNSUPPORTED_BY_TABLE_8_1_1,UNKNOWN_NO_STATION_VALUE_CITATION
Y30,下塔悠 (樂群),0.385,385,island,2.5,74.0,UNKNOWN,UNKNOWN,UNKNOWN,CF710,DORTS Comprehensive Plan Table 8.1-1 p. 8-4; Table 9.1-1 p. 9-6; Table 9.1-5 p. 9-10,OFFICIAL_STATION_CHAINAGE_DETAILED_GEOMETRY_UNKNOWN,OFFICIAL_TABLE_8_1_1,OFFICIAL_TABLE_8_1_1,UNKNOWN_UNSUPPORTED_BY_TABLE_8_1_1,UNKNOWN_NO_STATION_VALUE_CITATION
Y31,洲子二號公園,1.370,985,island,2.5,74.0,UNKNOWN,UNKNOWN,UNKNOWN,CF710,DORTS Comprehensive Plan Table 8.1-1 p. 8-4; Table 9.1-1 p. 9-6; Table 9.1-5 p. 9-10,OFFICIAL_STATION_CHAINAGE_DETAILED_GEOMETRY_UNKNOWN,OFFICIAL_TABLE_8_1_1,OFFICIAL_TABLE_8_1_1,UNKNOWN_UNSUPPORTED_BY_TABLE_8_1_1,UNKNOWN_NO_STATION_VALUE_CITATION
Y32,大港墘公園,1.905,535,island,2.5,74.0,UNKNOWN,UNKNOWN,UNKNOWN,CF710,DORTS Comprehensive Plan Table 8.1-1 p. 8-4; Table 9.1-1 p. 9-6; Table 9.1-5 p. 9-10,OFFICIAL_STATION_CHAINAGE_DETAILED_GEOMETRY_UNKNOWN,OFFICIAL_TABLE_8_1_1,OFFICIAL_TABLE_8_1_1,UNKNOWN_UNSUPPORTED_BY_TABLE_8_1_1,UNKNOWN_NO_STATION_VALUE_CITATION
Y33,瑞光公園,2.780,875,island,2.5,74.0,UNKNOWN,UNKNOWN,UNKNOWN,CF720,DORTS Comprehensive Plan Table 8.1-1 p. 8-4; Section 8.1.1 p. 8-1; Table 8.2-5 p. 8-17,OFFICIAL_STATION_CHAINAGE_DETAILED_GEOMETRY_UNKNOWN,OFFICIAL_TABLE_8_1_1,OFFICIAL_TABLE_8_1_1,UNKNOWN_UNSUPPORTED_BY_TABLE_8_1_1,UNKNOWN_NO_STATION_VALUE_CITATION
Y34,內湖行政中心,3.805,1025,island,2.5,74.0,UNKNOWN,UNKNOWN,UNKNOWN,CF720,DORTS Comprehensive Plan Table 8.1-1 p. 8-4; Section 8.1.1 p. 8-1; Table 8.2-5 p. 8-17,OFFICIAL_STATION_CHAINAGE_DETAILED_GEOMETRY_UNKNOWN,OFFICIAL_TABLE_8_1_1,OFFICIAL_TABLE_8_1_1,UNKNOWN_UNSUPPORTED_BY_TABLE_8_1_1,UNKNOWN_NO_STATION_VALUE_CITATION
Y35,新湖一路,4.710,905,island,4.0,74.0,UNKNOWN,UNKNOWN,UNKNOWN,CF730/CF740,DORTS Comprehensive Plan Table 8.1-1 p. 8-4; Section 8.1.1 p. 8-1; Section 8.2.3 p. 8-16,OFFICIAL_STATION_CHAINAGE_DETAILED_GEOMETRY_UNKNOWN,OFFICIAL_TABLE_8_1_1,OFFICIAL_TABLE_8_1_1,UNKNOWN_UNSUPPORTED_BY_TABLE_8_1_1,UNKNOWN_NO_STATION_VALUE_CITATION
Y36,松山,6.395,1685,island,4.0,74.0,UNKNOWN,UNKNOWN,UNKNOWN,CF750,DORTS Comprehensive Plan Table 8.1-1 p. 8-4; Section 8.1.1 p. 8-1; Table 9.1-5 p. 9-10,OFFICIAL_STATION_CHAINAGE_DETAILED_GEOMETRY_UNKNOWN,OFFICIAL_TABLE_8_1_1,OFFICIAL_TABLE_8_1_1,UNKNOWN_UNSUPPORTED_BY_TABLE_8_1_1,UNKNOWN_NO_STATION_VALUE_CITATION
Y37,永春,7.220,825,island,2.5,74.0,UNKNOWN,UNKNOWN,UNKNOWN,CF750,DORTS Comprehensive Plan Table 8.1-1 p. 8-4; Section 8.1.1 p. 8-2; Table 9.1-5 p. 9-10,OFFICIAL_STATION_CHAINAGE_DETAILED_GEOMETRY_UNKNOWN,OFFICIAL_TABLE_8_1_1,OFFICIAL_TABLE_8_1_1,UNKNOWN_UNSUPPORTED_BY_TABLE_8_1_1,UNKNOWN_NO_STATION_VALUE_CITATION
Y38,象山,9.010,1790,island,2.5,74.0,UNKNOWN,UNKNOWN,UNKNOWN,CF760,DORTS Comprehensive Plan Table 8.1-1 p. 8-4; Section 8.1.1 p. 8-2; Table 8.2-5 p. 8-17,OFFICIAL_STATION_CHAINAGE_DETAILED_GEOMETRY_UNKNOWN,OFFICIAL_TABLE_8_1_1,OFFICIAL_TABLE_8_1_1,UNKNOWN_UNSUPPORTED_BY_TABLE_8_1_1,UNKNOWN_NO_STATION_VALUE_CITATION
Y39,吳興街,10.010,1000,stacked,2.5,74.0,UNKNOWN,UNKNOWN,UNKNOWN,CF760,DORTS Comprehensive Plan Table 8.1-1 p. 8-4; Section 8.1.1 p. 8-2; Table 9.1-5 p. 9-10,OFFICIAL_STATION_CHAINAGE_DETAILED_GEOMETRY_UNKNOWN,OFFICIAL_TABLE_8_1_1,OFFICIAL_TABLE_8_1_1,UNKNOWN_UNSUPPORTED_BY_TABLE_8_1_1,UNKNOWN_NO_STATION_VALUE_CITATION
Y01,動物園,13.250,3240,island,12.0,80.0,UNKNOWN,UNKNOWN,UNKNOWN,CF763,DORTS Comprehensive Plan Table 8.1-1 p. 8-4; Section 8.1.1 p. 8-2; CF763 Project Page,OFFICIAL_STATION_CHAINAGE_DETAILED_GEOMETRY_UNKNOWN,OFFICIAL_TABLE_8_1_1,OFFICIAL_TABLE_8_1_1,UNKNOWN_UNSUPPORTED_BY_TABLE_8_1_1,UNKNOWN_NO_STATION_VALUE_CITATION
