station_code,station_name_zh,platform_type,peak_headway_min,platform_width_normal_req_m,platform_width_emergency_req_m,platform_width_installed_m,required_exit_lanes,installed_exit_lanes,installed_exit_width_m,platform_clearance_time_min,safe_haven_egress_time_min,n_minus_one_escalator_redundancy,evacuation_compliance_status,evidence_class,source_citation,limitations_note
Y29,劍南路,island,2.5,2.80,2.50,10.00,14,24,13.20,2.33,4.10,YES,OFFICIAL_WIDTH_LANE_DESIGN_SUMMARY_DERIVED_TIMES_UNSUPPORTED,OFFICIAL_DESIGN_SUMMARY_WIDTH_LANE_ONLY,DORTS Comprehensive Plan Summary p. 摘-4; North Circular Station Design CF710,Official width/lane capacity summary from Table 9.1-5; egress times and PASS compliance are unsupported derived estimates not a reproducible workbook
Y30,下塔悠 (樂群),island,2.5,0.64,1.32,2.50,8,14,7.70,2.29,3.85,YES,OFFICIAL_WIDTH_LANE_DESIGN_SUMMARY_DERIVED_TIMES_UNSUPPORTED,OFFICIAL_DESIGN_SUMMARY_WIDTH_LANE_ONLY,DORTS Comprehensive Plan Table 9.1-5 p. 9-10; Section 9.1.3 p. 9-9,Official width/lane capacity summary from Table 9.1-5; egress times and PASS compliance are unsupported derived estimates not a reproducible workbook
Y31,洲子二號公園,island,2.5,1.44,1.61,2.50,9,12,6.60,3.00,4.20,YES,OFFICIAL_WIDTH_LANE_DESIGN_SUMMARY_DERIVED_TIMES_UNSUPPORTED,OFFICIAL_DESIGN_SUMMARY_WIDTH_LANE_ONLY,DORTS Comprehensive Plan Table 9.1-5 p. 9-10; Section 9.1.3 p. 9-9,Official width/lane capacity summary from Table 9.1-5; egress times and PASS compliance are unsupported derived estimates not a reproducible workbook
Y32,大港墘公園,island,2.5,1.83,1.84,2.50,11,13,7.15,3.38,4.65,YES,OFFICIAL_WIDTH_LANE_DESIGN_SUMMARY_DERIVED_TIMES_UNSUPPORTED,OFFICIAL_DESIGN_SUMMARY_WIDTH_LANE_ONLY,DORTS Comprehensive Plan Table 9.1-5 p. 9-10; Section 9.1.3 p. 9-9,Official width/lane capacity summary from Table 9.1-5; egress times and PASS compliance are unsupported derived estimates not a reproducible workbook
Y33,瑞光公園,island,2.5,1.35,1.65,2.50,10,14,7.70,2.86,4.15,YES,OFFICIAL_WIDTH_LANE_DESIGN_SUMMARY_DERIVED_TIMES_UNSUPPORTED,OFFICIAL_DESIGN_SUMMARY_WIDTH_LANE_ONLY,DORTS Comprehensive Plan Table 9.1-5 p. 9-10; Section 9.1.3 p. 9-9,Official width/lane capacity summary from Table 9.1-5; egress times and PASS compliance are unsupported derived estimates not a reproducible workbook
Y34,內湖行政中心,island,2.5,0.88,1.45,2.50,9,14,7.70,2.57,3.90,YES,OFFICIAL_WIDTH_LANE_DESIGN_SUMMARY_DERIVED_TIMES_UNSUPPORTED,OFFICIAL_DESIGN_SUMMARY_WIDTH_LANE_ONLY,DORTS Comprehensive Plan Table 9.1-5 p. 9-10; Section 9.1.3 p. 9-9,Official width/lane capacity summary from Table 9.1-5; egress times and PASS compliance are unsupported derived estimates not a reproducible workbook
Y35,新湖一路,island,2.5,2.60,2.24,4.00,13,28,15.40,1.86,3.45,YES,OFFICIAL_WIDTH_LANE_DESIGN_SUMMARY_DERIVED_TIMES_UNSUPPORTED,OFFICIAL_DESIGN_SUMMARY_WIDTH_LANE_ONLY,DORTS Comprehensive Plan Table 9.1-5 p. 9-10; Section 9.1.3 p. 9-9,Official width/lane capacity summary from Table 9.1-5; egress times and PASS compliance are unsupported derived estimates not a reproducible workbook
Y36,松山,island,2.5,3.45,2.47,4.00,14,15,8.25,3.73,5.10,YES,OFFICIAL_WIDTH_LANE_DESIGN_SUMMARY_DERIVED_TIMES_UNSUPPORTED,OFFICIAL_DESIGN_SUMMARY_WIDTH_LANE_ONLY,DORTS Comprehensive Plan Table 9.1-5 p. 9-10; Section 9.1.3 p. 9-9,Official width/lane capacity summary from Table 9.1-5; egress times and PASS compliance are unsupported derived estimates not a reproducible workbook
Y37,永春,island,2.5,2.34,1.98,2.50,11,11,6.05,4.00,5.40,YES,OFFICIAL_WIDTH_LANE_DESIGN_SUMMARY_DERIVED_TIMES_UNSUPPORTED,OFFICIAL_DESIGN_SUMMARY_WIDTH_LANE_ONLY,DORTS Comprehensive Plan Table 9.1-5 p. 9-10; Section 9.1.3 p. 9-9,Official width/lane capacity summary from Table 9.1-5; egress times and PASS compliance are unsupported derived estimates not a reproducible workbook
Y38,象山,island,2.5,1.89,1.79,2.50,10,17,9.35,2.35,3.95,YES,OFFICIAL_WIDTH_LANE_DESIGN_SUMMARY_DERIVED_TIMES_UNSUPPORTED,OFFICIAL_DESIGN_SUMMARY_WIDTH_LANE_ONLY,DORTS Comprehensive Plan Table 9.1-5 p. 9-10; Section 9.1.3 p. 9-9,Official width/lane capacity summary from Table 9.1-5; egress times and PASS compliance are unsupported derived estimates not a reproducible workbook
Y39,吳興街,stacked,2.5,1.57,2.26,2.50,7,15,8.25,1.87,3.50,YES,OFFICIAL_WIDTH_LANE_DESIGN_SUMMARY_DERIVED_TIMES_UNSUPPORTED,OFFICIAL_DESIGN_SUMMARY_WIDTH_LANE_ONLY,DORTS Comprehensive Plan Table 9.1-5 p. 9-10; Section 9.1.3 p. 9-9,Official width/lane capacity summary from Table 9.1-5; egress times and PASS compliance are unsupported derived estimates not a reproducible workbook
Y01,動物園,island,2.5,2.20,2.00,12.00,12,22,12.10,2.18,3.80,YES,OFFICIAL_WIDTH_LANE_DESIGN_SUMMARY_DERIVED_TIMES_UNSUPPORTED,OFFICIAL_DESIGN_SUMMARY_WIDTH_LANE_ONLY,DORTS Comprehensive Plan Summary p. 摘-4; South Circular Station Design CF763,Official width/lane capacity summary from Table 9.1-5; egress times and PASS compliance are unsupported derived estimates not a reproducible workbook
