cost_category,cost_component,capex_twd_bn,annual_opex_twd_bn,renewal_yr15_twd_bn,salvage_yr30_twd_bn,npv_financial_3pct_twd_bn,npv_economic_4pct_twd_bn,npv_sensitivity_3_5pct_twd_bn,capex_evidence_tag,rates_evidence_tag,opex_renewal_evidence_tag,lifecycle_npv_status,source_citation
Direct Civil Works,Route Civil (Shield/Cut-and-Cover/Shaft),18.563,0.000,0.000,5.569,16.269,16.845,16.578,OFFICIAL_APPROVED_BUDGET,OFFICIAL_APPRAISAL_RATES,UNSUBSTANTIATED_SALVAGE,NON_BANKABLE_ARITHMETIC_ONLY,DORTS Comprehensive Plan Table 12.1-2 p. 12-92; Table 12.1-7 p. 12-10
Direct Civil Works,Station Civil (10 Underground Stations),30.100,0.000,0.000,9.030,26.379,27.313,26.879,OFFICIAL_APPROVED_BUDGET,OFFICIAL_APPRAISAL_RATES,UNSUBSTANTIATED_SALVAGE,NON_BANKABLE_ARITHMETIC_ONLY,DORTS Comprehensive Plan Table 12.1-2 p. 12-92
Direct Civil Works,Trackwork Systems,3.069,0.000,0.000,0.920,2.690,2.785,2.741,OFFICIAL_APPROVED_BUDGET,OFFICIAL_APPRAISAL_RATES,UNSUBSTANTIATED_SALVAGE,NON_BANKABLE_ARITHMETIC_ONLY,DORTS Comprehensive Plan Table 12.1-2 p. 12-92
Direct E&M Systems,Rolling Stock & Power & CBTC Signalling,16.401,0.000,10.438,0.000,23.097,22.196,22.628,OFFICIAL_APPROVED_BUDGET,OFFICIAL_APPRAISAL_RATES,UNSUBSTANTIATED_RENEWAL,NON_BANKABLE_ARITHMETIC_ONLY,DORTS Comprehensive Plan Table 12.1-2 p. 12-92
Project Development,Engineering Design & Supervision,2.180,0.000,0.000,0.000,2.180,2.180,2.180,OFFICIAL_APPROVED_BUDGET,OFFICIAL_APPRAISAL_RATES,NONE,NON_BANKABLE_ARITHMETIC_ONLY,DORTS Comprehensive Plan Table 12.1-2 p. 12-92
Right of Way,Land Acquisition & Compensation,7.085,0.000,0.000,0.000,7.085,7.085,7.085,OFFICIAL_APPROVED_BUDGET,OFFICIAL_APPRAISAL_RATES,NONE,NON_BANKABLE_ARITHMETIC_ONLY,DORTS Comprehensive Plan Table 12.1-2 p. 12-92
Indirect & Contingency,Indirect Engineering Costs,9.327,0.000,0.000,0.000,9.327,9.327,9.327,OFFICIAL_APPROVED_BUDGET,OFFICIAL_APPRAISAL_RATES,NONE,NON_BANKABLE_ARITHMETIC_ONLY,DORTS Comprehensive Plan Table 12.1-2 p. 12-92
Indirect & Contingency,Construction Contingencies,5.003,0.000,0.000,0.000,5.003,5.003,5.003,OFFICIAL_APPROVED_BUDGET,OFFICIAL_APPRAISAL_RATES,NONE,NON_BANKABLE_ARITHMETIC_ONLY,DORTS Comprehensive Plan Table 12.1-2 p. 12-92
Indirect & Contingency,Price Escalation Reserve,10.757,0.000,0.000,0.000,10.757,10.757,10.757,OFFICIAL_APPROVED_BUDGET,OFFICIAL_APPRAISAL_RATES,NONE,NON_BANKABLE_ARITHMETIC_ONLY,DORTS Comprehensive Plan Table 12.1-2 p. 12-92
Operations & Maintenance,Annual System OPEX (30-Year Annuity),0.000,1.863,0.000,0.000,36.516,32.215,34.264,NOT_APPLICABLE,OFFICIAL_APPRAISAL_RATES,UNSUBSTANTIATED_OPEX,NON_BANKABLE_ARITHMETIC_ONLY,DORTS Comprehensive Plan Table 12.1-5; Section 12.4.2 p. 12-93
Asset Renewal,Periodic Mid-Life Overhaul & Heavy Maintenance,0.000,0.000,6.958,0.000,4.461,3.864,4.148,NOT_APPLICABLE,OFFICIAL_APPRAISAL_RATES,UNSUBSTANTIATED_RENEWAL,NON_BANKABLE_ARITHMETIC_ONLY,DORTS Comprehensive Plan Table 12.1-5
TOTAL_BASELINE_LIFECYCLE,Approved Full Double-Track Project Baseline,102.486,1.863,17.396,15.519,143.764,139.569,141.590,OFFICIAL_APPROVED_BUDGET,OFFICIAL_APPRAISAL_RATES,UNSUBSTANTIATED_LIFECYCLE_COMPONENTS,NON_BANKABLE_ARITHMETIC_ONLY,DORTS Comprehensive Plan Chapter 12 pp. 12-92 to 12-94; Chapter 17 p. 17-10
