period,from_station,to_station,derived_forward_pph,derived_reverse_pph,derived_max_pphpd,reported_2051_max_pphpd,difference_pphpd,reconciles_with_reported_profile,interpretation
am_peak,Y29,Y30,1659.0,1250.0,1659.0,4850.0,-3191.0,NO,OD matrix horizon/assignment differs from reported 2051 link profile; do not combine until reconciled.
am_peak,Y30,Y31,3138.0,2320.0,3138.0,6840.0,-3702.0,NO,OD matrix horizon/assignment differs from reported 2051 link profile; do not combine until reconciled.
am_peak,Y31,Y32,3494.0,4760.0,4760.0,9750.0,-4990.0,NO,OD matrix horizon/assignment differs from reported 2051 link profile; do not combine until reconciled.
am_peak,Y32,Y33,3500.0,7561.0,7561.0,12420.0,-4859.0,NO,OD matrix horizon/assignment differs from reported 2051 link profile; do not combine until reconciled.
am_peak,Y33,Y34,3750.0,9176.0,9176.0,13850.0,-4674.0,NO,OD matrix horizon/assignment differs from reported 2051 link profile; do not combine until reconciled.
am_peak,Y34,Y35,3980.0,10068.0,10068.0,14920.0,-4852.0,NO,OD matrix horizon/assignment differs from reported 2051 link profile; do not combine until reconciled.
am_peak,Y35,Y36,3980.0,10238.0,10238.0,15640.0,-5402.0,NO,OD matrix horizon/assignment differs from reported 2051 link profile; do not combine until reconciled.
am_peak,Y36,Y37,3648.0,8488.0,8488.0,11450.0,-2962.0,NO,OD matrix horizon/assignment differs from reported 2051 link profile; do not combine until reconciled.
am_peak,Y37,Y38,3200.0,5859.0,5859.0,8250.0,-2391.0,NO,OD matrix horizon/assignment differs from reported 2051 link profile; do not combine until reconciled.
am_peak,Y38,Y39,2700.0,3649.0,3649.0,4420.0,-771.0,NO,OD matrix horizon/assignment differs from reported 2051 link profile; do not combine until reconciled.
am_peak,Y39,Y01,2040.0,2989.0,2989.0,3210.0,-221.0,NO,OD matrix horizon/assignment differs from reported 2051 link profile; do not combine until reconciled.
pm_peak,Y29,Y30,1196.0,1588.0,1588.0,4850.0,-3262.0,NO,OD matrix horizon/assignment differs from reported 2051 link profile; do not combine until reconciled.
pm_peak,Y30,Y31,2220.0,3004.0,3004.0,6840.0,-3836.0,NO,OD matrix horizon/assignment differs from reported 2051 link profile; do not combine until reconciled.
pm_peak,Y31,Y32,4559.0,3341.0,4559.0,9750.0,-5191.0,NO,OD matrix horizon/assignment differs from reported 2051 link profile; do not combine until reconciled.
pm_peak,Y32,Y33,7245.0,3344.0,7245.0,12420.0,-5175.0,NO,OD matrix horizon/assignment differs from reported 2051 link profile; do not combine until reconciled.
pm_peak,Y33,Y34,8794.0,3581.0,8794.0,13850.0,-5056.0,NO,OD matrix horizon/assignment differs from reported 2051 link profile; do not combine until reconciled.
pm_peak,Y34,Y35,9650.0,3800.0,9650.0,14920.0,-5270.0,NO,OD matrix horizon/assignment differs from reported 2051 link profile; do not combine until reconciled.
pm_peak,Y35,Y36,9814.0,3800.0,9814.0,15640.0,-5826.0,NO,OD matrix horizon/assignment differs from reported 2051 link profile; do not combine until reconciled.
pm_peak,Y36,Y37,8136.0,3484.0,8136.0,11450.0,-3314.0,NO,OD matrix horizon/assignment differs from reported 2051 link profile; do not combine until reconciled.
pm_peak,Y37,Y38,5615.0,3056.0,5615.0,8250.0,-2635.0,NO,OD matrix horizon/assignment differs from reported 2051 link profile; do not combine until reconciled.
pm_peak,Y38,Y39,3497.0,2580.0,3497.0,4420.0,-923.0,NO,OD matrix horizon/assignment differs from reported 2051 link profile; do not combine until reconciled.
pm_peak,Y39,Y01,2867.0,1950.0,2867.0,3210.0,-343.0,NO,OD matrix horizon/assignment differs from reported 2051 link profile; do not combine until reconciled.
off_peak,Y29,Y30,940.0,940.0,940.0,4850.0,-3910.0,NO,OD matrix horizon/assignment differs from reported 2051 link profile; do not combine until reconciled.
off_peak,Y30,Y31,1730.0,1730.0,1730.0,6840.0,-5110.0,NO,OD matrix horizon/assignment differs from reported 2051 link profile; do not combine until reconciled.
off_peak,Y31,Y32,3075.0,3075.0,3075.0,9750.0,-6675.0,NO,OD matrix horizon/assignment differs from reported 2051 link profile; do not combine until reconciled.
off_peak,Y32,Y33,4270.0,4270.0,4270.0,12420.0,-8150.0,NO,OD matrix horizon/assignment differs from reported 2051 link profile; do not combine until reconciled.
off_peak,Y33,Y34,5315.0,5315.0,5315.0,13850.0,-8535.0,NO,OD matrix horizon/assignment differs from reported 2051 link profile; do not combine until reconciled.
off_peak,Y34,Y35,5505.0,5505.0,5505.0,14920.0,-9415.0,NO,OD matrix horizon/assignment differs from reported 2051 link profile; do not combine until reconciled.
off_peak,Y35,Y36,5545.0,5545.0,5545.0,15640.0,-10095.0,NO,OD matrix horizon/assignment differs from reported 2051 link profile; do not combine until reconciled.
off_peak,Y36,Y37,4730.0,4730.0,4730.0,11450.0,-6720.0,NO,OD matrix horizon/assignment differs from reported 2051 link profile; do not combine until reconciled.
off_peak,Y37,Y38,3765.0,3765.0,3765.0,8250.0,-4485.0,NO,OD matrix horizon/assignment differs from reported 2051 link profile; do not combine until reconciled.
off_peak,Y38,Y39,2650.0,2650.0,2650.0,4420.0,-1770.0,NO,OD matrix horizon/assignment differs from reported 2051 link profile; do not combine until reconciled.
off_peak,Y39,Y01,2090.0,2090.0,2090.0,3210.0,-1120.0,NO,OD matrix horizon/assignment differs from reported 2051 link profile; do not combine until reconciled.
