sequence,direction,origin_portal,destination_portal,entry_time_s,clear_time_s,one_way_run_s,gap_after_prior_clear_s,conflict_free
1,SOUTHBOUND,Y39,Y01,0,193,193,,YES
2,NORTHBOUND,Y01,Y39,211,404,193,18,YES
3,SOUTHBOUND,Y39,Y01,540,733,193,136,YES
4,NORTHBOUND,Y01,Y39,751,944,193,18,YES
5,SOUTHBOUND,Y39,Y01,1080,1273,193,136,YES
6,NORTHBOUND,Y01,Y39,1291,1484,193,18,YES
7,SOUTHBOUND,Y39,Y01,1620,1813,193,136,YES
8,NORTHBOUND,Y01,Y39,1831,2024,193,18,YES
9,SOUTHBOUND,Y39,Y01,2160,2353,193,136,YES
10,NORTHBOUND,Y01,Y39,2371,2564,193,18,YES
11,SOUTHBOUND,Y39,Y01,2700,2893,193,136,YES
12,NORTHBOUND,Y01,Y39,2911,3104,193,18,YES
13,SOUTHBOUND,Y39,Y01,3240,3433,193,136,YES
14,NORTHBOUND,Y01,Y39,3451,3644,193,18,YES
15,SOUTHBOUND,Y39,Y01,3780,3973,193,136,YES
16,NORTHBOUND,Y01,Y39,3991,4184,193,18,YES
17,SOUTHBOUND,Y39,Y01,4320,4513,193,136,YES
18,NORTHBOUND,Y01,Y39,4531,4724,193,18,YES
19,SOUTHBOUND,Y39,Y01,4860,5053,193,136,YES
20,NORTHBOUND,Y01,Y39,5071,5264,193,18,YES
21,SOUTHBOUND,Y39,Y01,5400,5593,193,136,YES
22,NORTHBOUND,Y01,Y39,5611,5804,193,18,YES
23,SOUTHBOUND,Y39,Y01,5940,6133,193,136,YES
24,NORTHBOUND,Y01,Y39,6151,6344,193,18,YES
25,SOUTHBOUND,Y39,Y01,6480,6673,193,136,YES
26,NORTHBOUND,Y01,Y39,6691,6884,193,18,YES
27,SOUTHBOUND,Y39,Y01,7020,7213,193,136,YES
