scenario_id,link_id,direction,movement_from,movement_to,run_time_s,headway_s,tph,nominal_capacity_pphpd,usable_load_factor,effective_capacity_pphpd,official_flow_pphpd,demand_multiplier,screened_demand_pphpd,vc_ratio,vc_band,screening_status,track_configuration
S00,LK01,CCW,Y30,Y29,89.0,150.0,24.0000,15600.00,1.00,15600.00,2370.0,1.00,2370.0,0.1519,COMFORTABLE,PRELIMINARY_CAPACITY_PASS_INFRASTRUCTURE_UNVERIFIED,DOUBLE_TRACK_SEPARATED
S00,LK01,CW,Y29,Y30,89.0,198.0,18.1818,11818.18,1.00,11818.18,5700.0,1.00,5700.0,0.4823,COMFORTABLE,PRELIMINARY_CAPACITY_PASS_INFRASTRUCTURE_UNVERIFIED,DOUBLE_TRACK_SEPARATED
S00,LK02,CCW,Y31,Y30,91.9,150.0,24.0000,15600.00,1.00,15600.00,2420.0,1.00,2420.0,0.1551,COMFORTABLE,PRELIMINARY_CAPACITY_PASS_INFRASTRUCTURE_UNVERIFIED,DOUBLE_TRACK_SEPARATED
S00,LK02,CW,Y30,Y31,91.9,198.0,18.1818,11818.18,1.00,11818.18,5380.0,1.00,5380.0,0.4552,COMFORTABLE,PRELIMINARY_CAPACITY_PASS_INFRASTRUCTURE_UNVERIFIED,DOUBLE_TRACK_SEPARATED
S00,LK03,CCW,Y32,Y31,71.8,150.0,24.0000,15600.00,1.00,15600.00,4070.0,1.00,4070.0,0.2609,COMFORTABLE,PRELIMINARY_CAPACITY_PASS_INFRASTRUCTURE_UNVERIFIED,DOUBLE_TRACK_SEPARATED
S00,LK03,CW,Y31,Y32,71.8,198.0,18.1818,11818.18,1.00,11818.18,4130.0,1.00,4130.0,0.3495,COMFORTABLE,PRELIMINARY_CAPACITY_PASS_INFRASTRUCTURE_UNVERIFIED,DOUBLE_TRACK_SEPARATED
S00,LK04,CCW,Y33,Y32,86.9,150.0,24.0000,15600.00,1.00,15600.00,7170.0,1.00,7170.0,0.4596,COMFORTABLE,PRELIMINARY_CAPACITY_PASS_INFRASTRUCTURE_UNVERIFIED,DOUBLE_TRACK_SEPARATED
S00,LK04,CW,Y32,Y33,86.9,198.0,18.1818,11818.18,1.00,11818.18,3440.0,1.00,3440.0,0.2911,COMFORTABLE,PRELIMINARY_CAPACITY_PASS_INFRASTRUCTURE_UNVERIFIED,DOUBLE_TRACK_SEPARATED
S00,LK05,CCW,Y34,Y33,93.7,150.0,24.0000,15600.00,1.00,15600.00,9330.0,1.00,9330.0,0.5981,COMFORTABLE,PRELIMINARY_CAPACITY_PASS_INFRASTRUCTURE_UNVERIFIED,DOUBLE_TRACK_SEPARATED
S00,LK05,CW,Y33,Y34,93.7,198.0,18.1818,11818.18,1.00,11818.18,4120.0,1.00,4120.0,0.3486,COMFORTABLE,PRELIMINARY_CAPACITY_PASS_INFRASTRUCTURE_UNVERIFIED,DOUBLE_TRACK_SEPARATED
S00,LK06,CCW,Y35,Y34,88.3,150.0,24.0000,15600.00,1.00,15600.00,10740.0,1.00,10740.0,0.6885,COMFORTABLE,PRELIMINARY_CAPACITY_PASS_INFRASTRUCTURE_UNVERIFIED,DOUBLE_TRACK_SEPARATED
S00,LK06,CW,Y34,Y35,88.3,198.0,18.1818,11818.18,1.00,11818.18,4010.0,1.00,4010.0,0.3393,COMFORTABLE,PRELIMINARY_CAPACITY_PASS_INFRASTRUCTURE_UNVERIFIED,DOUBLE_TRACK_SEPARATED
S00,LK07,CCW,Y36,Y35,123.3,150.0,24.0000,15600.00,1.00,15600.00,15250.0,1.00,15250.0,0.9776,TIGHT,PRELIMINARY_CAPACITY_PASS_INFRASTRUCTURE_UNVERIFIED,DOUBLE_TRACK_SEPARATED
S00,LK07,CW,Y35,Y36,123.3,198.0,18.1818,11818.18,1.00,11818.18,5640.0,1.00,5640.0,0.4772,COMFORTABLE,PRELIMINARY_CAPACITY_PASS_INFRASTRUCTURE_UNVERIFIED,DOUBLE_TRACK_SEPARATED
S00,LK08,CCW,Y37,Y36,84.7,150.0,24.0000,15600.00,1.00,15600.00,13200.0,1.00,13200.0,0.8462,COMFORTABLE,PRELIMINARY_CAPACITY_PASS_INFRASTRUCTURE_UNVERIFIED,DOUBLE_TRACK_SEPARATED
S00,LK08,CW,Y36,Y37,84.7,198.0,18.1818,11818.18,1.00,11818.18,7160.0,1.00,7160.0,0.6058,COMFORTABLE,PRELIMINARY_CAPACITY_PASS_INFRASTRUCTURE_UNVERIFIED,DOUBLE_TRACK_SEPARATED
S00,LK09,CCW,Y38,Y37,127.7,150.0,24.0000,15600.00,1.00,15600.00,12210.0,1.00,12210.0,0.7827,COMFORTABLE,PRELIMINARY_CAPACITY_PASS_INFRASTRUCTURE_UNVERIFIED,DOUBLE_TRACK_SEPARATED
S00,LK09,CW,Y37,Y38,127.7,198.0,18.1818,11818.18,1.00,11818.18,6120.0,1.00,6120.0,0.5178,COMFORTABLE,PRELIMINARY_CAPACITY_PASS_INFRASTRUCTURE_UNVERIFIED,DOUBLE_TRACK_SEPARATED
S00,LK10,CCW,Y39,Y38,92.1,150.0,24.0000,15600.00,1.00,15600.00,11970.0,1.00,11970.0,0.7673,COMFORTABLE,PRELIMINARY_CAPACITY_PASS_INFRASTRUCTURE_UNVERIFIED,DOUBLE_TRACK_SEPARATED
S00,LK10,CW,Y38,Y39,92.1,198.0,18.1818,11818.18,1.00,11818.18,4060.0,1.00,4060.0,0.3435,COMFORTABLE,PRELIMINARY_CAPACITY_PASS_INFRASTRUCTURE_UNVERIFIED,DOUBLE_TRACK_SEPARATED
S00,LK11,CCW,Y01,Y39,193.0,150.0,24.0000,15600.00,1.00,15600.00,10310.0,1.00,10310.0,0.6609,COMFORTABLE,PRELIMINARY_CAPACITY_PASS_INFRASTRUCTURE_UNVERIFIED,DOUBLE_TRACK_SEPARATED
S00,LK11,CW,Y39,Y01,193.0,198.0,18.1818,11818.18,1.00,11818.18,4590.0,1.00,4590.0,0.3884,COMFORTABLE,PRELIMINARY_CAPACITY_PASS_INFRASTRUCTURE_UNVERIFIED,DOUBLE_TRACK_SEPARATED
S01,LK01,CCW,Y30,Y29,89.0,150.0,24.0000,15600.00,0.90,14040.00,2370.0,1.00,2370.0,0.1688,COMFORTABLE,PRELIMINARY_CAPACITY_PASS_INFRASTRUCTURE_UNVERIFIED,DOUBLE_TRACK_SEPARATED
S01,LK01,CW,Y29,Y30,89.0,198.0,18.1818,11818.18,0.90,10636.36,5700.0,1.00,5700.0,0.5359,COMFORTABLE,PRELIMINARY_CAPACITY_PASS_INFRASTRUCTURE_UNVERIFIED,DOUBLE_TRACK_SEPARATED
S01,LK02,CCW,Y31,Y30,91.9,150.0,24.0000,15600.00,0.90,14040.00,2420.0,1.00,2420.0,0.1724,COMFORTABLE,PRELIMINARY_CAPACITY_PASS_INFRASTRUCTURE_UNVERIFIED,DOUBLE_TRACK_SEPARATED
S01,LK02,CW,Y30,Y31,91.9,198.0,18.1818,11818.18,0.90,10636.36,5380.0,1.00,5380.0,0.5058,COMFORTABLE,PRELIMINARY_CAPACITY_PASS_INFRASTRUCTURE_UNVERIFIED,DOUBLE_TRACK_SEPARATED
S01,LK03,CCW,Y32,Y31,71.8,150.0,24.0000,15600.00,0.90,14040.00,4070.0,1.00,4070.0,0.2899,COMFORTABLE,PRELIMINARY_CAPACITY_PASS_INFRASTRUCTURE_UNVERIFIED,DOUBLE_TRACK_SEPARATED
S01,LK03,CW,Y31,Y32,71.8,198.0,18.1818,11818.18,0.90,10636.36,4130.0,1.00,4130.0,0.3883,COMFORTABLE,PRELIMINARY_CAPACITY_PASS_INFRASTRUCTURE_UNVERIFIED,DOUBLE_TRACK_SEPARATED
S01,LK04,CCW,Y33,Y32,86.9,150.0,24.0000,15600.00,0.90,14040.00,7170.0,1.00,7170.0,0.5107,COMFORTABLE,PRELIMINARY_CAPACITY_PASS_INFRASTRUCTURE_UNVERIFIED,DOUBLE_TRACK_SEPARATED
S01,LK04,CW,Y32,Y33,86.9,198.0,18.1818,11818.18,0.90,10636.36,3440.0,1.00,3440.0,0.3234,COMFORTABLE,PRELIMINARY_CAPACITY_PASS_INFRASTRUCTURE_UNVERIFIED,DOUBLE_TRACK_SEPARATED
S01,LK05,CCW,Y34,Y33,93.7,150.0,24.0000,15600.00,0.90,14040.00,9330.0,1.00,9330.0,0.6645,COMFORTABLE,PRELIMINARY_CAPACITY_PASS_INFRASTRUCTURE_UNVERIFIED,DOUBLE_TRACK_SEPARATED
S01,LK05,CW,Y33,Y34,93.7,198.0,18.1818,11818.18,0.90,10636.36,4120.0,1.00,4120.0,0.3874,COMFORTABLE,PRELIMINARY_CAPACITY_PASS_INFRASTRUCTURE_UNVERIFIED,DOUBLE_TRACK_SEPARATED
S01,LK06,CCW,Y35,Y34,88.3,150.0,24.0000,15600.00,0.90,14040.00,10740.0,1.00,10740.0,0.7650,COMFORTABLE,PRELIMINARY_CAPACITY_PASS_INFRASTRUCTURE_UNVERIFIED,DOUBLE_TRACK_SEPARATED
S01,LK06,CW,Y34,Y35,88.3,198.0,18.1818,11818.18,0.90,10636.36,4010.0,1.00,4010.0,0.3770,COMFORTABLE,PRELIMINARY_CAPACITY_PASS_INFRASTRUCTURE_UNVERIFIED,DOUBLE_TRACK_SEPARATED
S01,LK07,CCW,Y36,Y35,123.3,150.0,24.0000,15600.00,0.90,14040.00,15250.0,1.00,15250.0,1.0862,FAIL,FAIL_CAPACITY,DOUBLE_TRACK_SEPARATED
S01,LK07,CW,Y35,Y36,123.3,198.0,18.1818,11818.18,0.90,10636.36,5640.0,1.00,5640.0,0.5303,COMFORTABLE,PRELIMINARY_CAPACITY_PASS_INFRASTRUCTURE_UNVERIFIED,DOUBLE_TRACK_SEPARATED
S01,LK08,CCW,Y37,Y36,84.7,150.0,24.0000,15600.00,0.90,14040.00,13200.0,1.00,13200.0,0.9402,TIGHT,PRELIMINARY_CAPACITY_PASS_INFRASTRUCTURE_UNVERIFIED,DOUBLE_TRACK_SEPARATED
S01,LK08,CW,Y36,Y37,84.7,198.0,18.1818,11818.18,0.90,10636.36,7160.0,1.00,7160.0,0.6732,COMFORTABLE,PRELIMINARY_CAPACITY_PASS_INFRASTRUCTURE_UNVERIFIED,DOUBLE_TRACK_SEPARATED
S01,LK09,CCW,Y38,Y37,127.7,150.0,24.0000,15600.00,0.90,14040.00,12210.0,1.00,12210.0,0.8697,TIGHT,PRELIMINARY_CAPACITY_PASS_INFRASTRUCTURE_UNVERIFIED,DOUBLE_TRACK_SEPARATED
S01,LK09,CW,Y37,Y38,127.7,198.0,18.1818,11818.18,0.90,10636.36,6120.0,1.00,6120.0,0.5754,COMFORTABLE,PRELIMINARY_CAPACITY_PASS_INFRASTRUCTURE_UNVERIFIED,DOUBLE_TRACK_SEPARATED
S01,LK10,CCW,Y39,Y38,92.1,150.0,24.0000,15600.00,0.90,14040.00,11970.0,1.00,11970.0,0.8526,TIGHT,PRELIMINARY_CAPACITY_PASS_INFRASTRUCTURE_UNVERIFIED,DOUBLE_TRACK_SEPARATED
S01,LK10,CW,Y38,Y39,92.1,198.0,18.1818,11818.18,0.90,10636.36,4060.0,1.00,4060.0,0.3817,COMFORTABLE,PRELIMINARY_CAPACITY_PASS_INFRASTRUCTURE_UNVERIFIED,DOUBLE_TRACK_SEPARATED
S01,LK11,CCW,Y01,Y39,193.0,150.0,24.0000,15600.00,0.90,14040.00,10310.0,1.00,10310.0,0.7343,COMFORTABLE,PRELIMINARY_CAPACITY_PASS_INFRASTRUCTURE_UNVERIFIED,DOUBLE_TRACK_SEPARATED
S01,LK11,CW,Y39,Y01,193.0,198.0,18.1818,11818.18,0.90,10636.36,4590.0,1.00,4590.0,0.4315,COMFORTABLE,PRELIMINARY_CAPACITY_PASS_INFRASTRUCTURE_UNVERIFIED,DOUBLE_TRACK_SEPARATED
S02,LK01,CCW,Y30,Y29,89.0,150.0,24.0000,15600.00,0.90,14040.00,2370.0,1.10,2607.0,0.1857,COMFORTABLE,PRELIMINARY_CAPACITY_PASS_INFRASTRUCTURE_UNVERIFIED,DOUBLE_TRACK_SEPARATED
S02,LK01,CW,Y29,Y30,89.0,198.0,18.1818,11818.18,0.90,10636.36,5700.0,1.10,6270.0,0.5895,COMFORTABLE,PRELIMINARY_CAPACITY_PASS_INFRASTRUCTURE_UNVERIFIED,DOUBLE_TRACK_SEPARATED
S02,LK02,CCW,Y31,Y30,91.9,150.0,24.0000,15600.00,0.90,14040.00,2420.0,1.10,2662.0,0.1896,COMFORTABLE,PRELIMINARY_CAPACITY_PASS_INFRASTRUCTURE_UNVERIFIED,DOUBLE_TRACK_SEPARATED
S02,LK02,CW,Y30,Y31,91.9,198.0,18.1818,11818.18,0.90,10636.36,5380.0,1.10,5918.0,0.5564,COMFORTABLE,PRELIMINARY_CAPACITY_PASS_INFRASTRUCTURE_UNVERIFIED,DOUBLE_TRACK_SEPARATED
S02,LK03,CCW,Y32,Y31,71.8,150.0,24.0000,15600.00,0.90,14040.00,4070.0,1.10,4477.0,0.3189,COMFORTABLE,PRELIMINARY_CAPACITY_PASS_INFRASTRUCTURE_UNVERIFIED,DOUBLE_TRACK_SEPARATED
S02,LK03,CW,Y31,Y32,71.8,198.0,18.1818,11818.18,0.90,10636.36,4130.0,1.10,4543.0,0.4271,COMFORTABLE,PRELIMINARY_CAPACITY_PASS_INFRASTRUCTURE_UNVERIFIED,DOUBLE_TRACK_SEPARATED
S02,LK04,CCW,Y33,Y32,86.9,150.0,24.0000,15600.00,0.90,14040.00,7170.0,1.10,7887.0,0.5618,COMFORTABLE,PRELIMINARY_CAPACITY_PASS_INFRASTRUCTURE_UNVERIFIED,DOUBLE_TRACK_SEPARATED
S02,LK04,CW,Y32,Y33,86.9,198.0,18.1818,11818.18,0.90,10636.36,3440.0,1.10,3784.0,0.3558,COMFORTABLE,PRELIMINARY_CAPACITY_PASS_INFRASTRUCTURE_UNVERIFIED,DOUBLE_TRACK_SEPARATED
S02,LK05,CCW,Y34,Y33,93.7,150.0,24.0000,15600.00,0.90,14040.00,9330.0,1.10,10263.0,0.7310,COMFORTABLE,PRELIMINARY_CAPACITY_PASS_INFRASTRUCTURE_UNVERIFIED,DOUBLE_TRACK_SEPARATED
S02,LK05,CW,Y33,Y34,93.7,198.0,18.1818,11818.18,0.90,10636.36,4120.0,1.10,4532.0,0.4261,COMFORTABLE,PRELIMINARY_CAPACITY_PASS_INFRASTRUCTURE_UNVERIFIED,DOUBLE_TRACK_SEPARATED
S02,LK06,CCW,Y35,Y34,88.3,150.0,24.0000,15600.00,0.90,14040.00,10740.0,1.10,11814.0,0.8415,COMFORTABLE,PRELIMINARY_CAPACITY_PASS_INFRASTRUCTURE_UNVERIFIED,DOUBLE_TRACK_SEPARATED
S02,LK06,CW,Y34,Y35,88.3,198.0,18.1818,11818.18,0.90,10636.36,4010.0,1.10,4411.0,0.4147,COMFORTABLE,PRELIMINARY_CAPACITY_PASS_INFRASTRUCTURE_UNVERIFIED,DOUBLE_TRACK_SEPARATED
S02,LK07,CCW,Y36,Y35,123.3,150.0,24.0000,15600.00,0.90,14040.00,15250.0,1.10,16775.0,1.1948,FAIL,FAIL_CAPACITY,DOUBLE_TRACK_SEPARATED
S02,LK07,CW,Y35,Y36,123.3,198.0,18.1818,11818.18,0.90,10636.36,5640.0,1.10,6204.0,0.5833,COMFORTABLE,PRELIMINARY_CAPACITY_PASS_INFRASTRUCTURE_UNVERIFIED,DOUBLE_TRACK_SEPARATED
S02,LK08,CCW,Y37,Y36,84.7,150.0,24.0000,15600.00,0.90,14040.00,13200.0,1.10,14520.0,1.0342,FAIL,FAIL_CAPACITY,DOUBLE_TRACK_SEPARATED
S02,LK08,CW,Y36,Y37,84.7,198.0,18.1818,11818.18,0.90,10636.36,7160.0,1.10,7876.0,0.7405,COMFORTABLE,PRELIMINARY_CAPACITY_PASS_INFRASTRUCTURE_UNVERIFIED,DOUBLE_TRACK_SEPARATED
S02,LK09,CCW,Y38,Y37,127.7,150.0,24.0000,15600.00,0.90,14040.00,12210.0,1.10,13431.0,0.9566,TIGHT,PRELIMINARY_CAPACITY_PASS_INFRASTRUCTURE_UNVERIFIED,DOUBLE_TRACK_SEPARATED
S02,LK09,CW,Y37,Y38,127.7,198.0,18.1818,11818.18,0.90,10636.36,6120.0,1.10,6732.0,0.6329,COMFORTABLE,PRELIMINARY_CAPACITY_PASS_INFRASTRUCTURE_UNVERIFIED,DOUBLE_TRACK_SEPARATED
S02,LK10,CCW,Y39,Y38,92.1,150.0,24.0000,15600.00,0.90,14040.00,11970.0,1.10,13167.0,0.9378,TIGHT,PRELIMINARY_CAPACITY_PASS_INFRASTRUCTURE_UNVERIFIED,DOUBLE_TRACK_SEPARATED
S02,LK10,CW,Y38,Y39,92.1,198.0,18.1818,11818.18,0.90,10636.36,4060.0,1.10,4466.0,0.4199,COMFORTABLE,PRELIMINARY_CAPACITY_PASS_INFRASTRUCTURE_UNVERIFIED,DOUBLE_TRACK_SEPARATED
S02,LK11,CCW,Y01,Y39,193.0,150.0,24.0000,15600.00,0.90,14040.00,10310.0,1.10,11341.0,0.8078,COMFORTABLE,PRELIMINARY_CAPACITY_PASS_INFRASTRUCTURE_UNVERIFIED,DOUBLE_TRACK_SEPARATED
S02,LK11,CW,Y39,Y01,193.0,198.0,18.1818,11818.18,0.90,10636.36,4590.0,1.10,5049.0,0.4747,COMFORTABLE,PRELIMINARY_CAPACITY_PASS_INFRASTRUCTURE_UNVERIFIED,DOUBLE_TRACK_SEPARATED
S03,LK01,CCW,Y30,Y29,89.0,150.0,24.0000,15600.00,0.90,14040.00,2370.0,1.00,2370.0,0.1688,COMFORTABLE,PRELIMINARY_CAPACITY_PASS_INFRASTRUCTURE_UNVERIFIED,DOUBLE_TRACK_SEPARATED
S03,LK01,CW,Y29,Y30,89.0,198.0,18.1818,11818.18,0.90,10636.36,5700.0,1.00,5700.0,0.5359,COMFORTABLE,PRELIMINARY_CAPACITY_PASS_INFRASTRUCTURE_UNVERIFIED,DOUBLE_TRACK_SEPARATED
S03,LK02,CCW,Y31,Y30,91.9,150.0,24.0000,15600.00,0.90,14040.00,2420.0,1.00,2420.0,0.1724,COMFORTABLE,PRELIMINARY_CAPACITY_PASS_INFRASTRUCTURE_UNVERIFIED,DOUBLE_TRACK_SEPARATED
S03,LK02,CW,Y30,Y31,91.9,198.0,18.1818,11818.18,0.90,10636.36,5380.0,1.00,5380.0,0.5058,COMFORTABLE,PRELIMINARY_CAPACITY_PASS_INFRASTRUCTURE_UNVERIFIED,DOUBLE_TRACK_SEPARATED
S03,LK03,CCW,Y32,Y31,71.8,150.0,24.0000,15600.00,0.90,14040.00,4070.0,1.00,4070.0,0.2899,COMFORTABLE,PRELIMINARY_CAPACITY_PASS_INFRASTRUCTURE_UNVERIFIED,DOUBLE_TRACK_SEPARATED
S03,LK03,CW,Y31,Y32,71.8,198.0,18.1818,11818.18,0.90,10636.36,4130.0,1.00,4130.0,0.3883,COMFORTABLE,PRELIMINARY_CAPACITY_PASS_INFRASTRUCTURE_UNVERIFIED,DOUBLE_TRACK_SEPARATED
S03,LK04,CCW,Y33,Y32,86.9,150.0,24.0000,15600.00,0.90,14040.00,7170.0,1.00,7170.0,0.5107,COMFORTABLE,PRELIMINARY_CAPACITY_PASS_INFRASTRUCTURE_UNVERIFIED,DOUBLE_TRACK_SEPARATED
S03,LK04,CW,Y32,Y33,86.9,198.0,18.1818,11818.18,0.90,10636.36,3440.0,1.00,3440.0,0.3234,COMFORTABLE,PRELIMINARY_CAPACITY_PASS_INFRASTRUCTURE_UNVERIFIED,DOUBLE_TRACK_SEPARATED
S03,LK05,CCW,Y34,Y33,93.7,150.0,24.0000,15600.00,0.90,14040.00,9330.0,1.00,9330.0,0.6645,COMFORTABLE,PRELIMINARY_CAPACITY_PASS_INFRASTRUCTURE_UNVERIFIED,DOUBLE_TRACK_SEPARATED
S03,LK05,CW,Y33,Y34,93.7,198.0,18.1818,11818.18,0.90,10636.36,4120.0,1.00,4120.0,0.3874,COMFORTABLE,PRELIMINARY_CAPACITY_PASS_INFRASTRUCTURE_UNVERIFIED,DOUBLE_TRACK_SEPARATED
S03,LK06,CCW,Y35,Y34,88.3,150.0,24.0000,15600.00,0.90,14040.00,10740.0,1.00,10740.0,0.7650,COMFORTABLE,PRELIMINARY_CAPACITY_PASS_INFRASTRUCTURE_UNVERIFIED,DOUBLE_TRACK_SEPARATED
S03,LK06,CW,Y34,Y35,88.3,198.0,18.1818,11818.18,0.90,10636.36,4010.0,1.00,4010.0,0.3770,COMFORTABLE,PRELIMINARY_CAPACITY_PASS_INFRASTRUCTURE_UNVERIFIED,DOUBLE_TRACK_SEPARATED
S03,LK07,CCW,Y36,Y35,123.3,150.0,24.0000,15600.00,0.90,14040.00,15250.0,1.00,15250.0,1.0862,FAIL,FAIL_CAPACITY,DOUBLE_TRACK_SEPARATED
S03,LK07,CW,Y35,Y36,123.3,198.0,18.1818,11818.18,0.90,10636.36,5640.0,1.00,5640.0,0.5303,COMFORTABLE,PRELIMINARY_CAPACITY_PASS_INFRASTRUCTURE_UNVERIFIED,DOUBLE_TRACK_SEPARATED
S03,LK08,CCW,Y37,Y36,84.7,150.0,24.0000,15600.00,0.90,14040.00,13200.0,1.00,13200.0,0.9402,TIGHT,PRELIMINARY_CAPACITY_PASS_INFRASTRUCTURE_UNVERIFIED,DOUBLE_TRACK_SEPARATED
S03,LK08,CW,Y36,Y37,84.7,198.0,18.1818,11818.18,0.90,10636.36,7160.0,1.00,7160.0,0.6732,COMFORTABLE,PRELIMINARY_CAPACITY_PASS_INFRASTRUCTURE_UNVERIFIED,DOUBLE_TRACK_SEPARATED
S03,LK09,CCW,Y38,Y37,127.7,150.0,24.0000,15600.00,0.90,14040.00,12210.0,1.00,12210.0,0.8697,TIGHT,PRELIMINARY_CAPACITY_PASS_INFRASTRUCTURE_UNVERIFIED,DOUBLE_TRACK_SEPARATED
S03,LK09,CW,Y37,Y38,127.7,198.0,18.1818,11818.18,0.90,10636.36,6120.0,1.00,6120.0,0.5754,COMFORTABLE,PRELIMINARY_CAPACITY_PASS_INFRASTRUCTURE_UNVERIFIED,DOUBLE_TRACK_SEPARATED
S03,LK10,CCW,Y39,Y38,92.1,150.0,24.0000,15600.00,0.90,14040.00,11970.0,1.00,11970.0,0.8526,TIGHT,PRELIMINARY_CAPACITY_PASS_INFRASTRUCTURE_UNVERIFIED,DOUBLE_TRACK_SEPARATED
S03,LK10,CW,Y38,Y39,92.1,198.0,18.1818,11818.18,0.90,10636.36,4060.0,1.00,4060.0,0.3817,COMFORTABLE,PRELIMINARY_CAPACITY_PASS_INFRASTRUCTURE_UNVERIFIED,DOUBLE_TRACK_SEPARATED
S03,LK11,CCW,Y01,Y39,193.0,150.0,24.0000,15600.00,0.90,14040.00,10310.0,1.00,10310.0,0.7343,COMFORTABLE,PRELIMINARY_CAPACITY_PASS_INFRASTRUCTURE_UNVERIFIED,DOUBLE_TRACK_SEPARATED
S03,LK11,CW,Y39,Y01,193.0,198.0,18.1818,11818.18,0.90,10636.36,4590.0,1.00,4590.0,0.4315,COMFORTABLE,PRELIMINARY_CAPACITY_PASS_INFRASTRUCTURE_UNVERIFIED,DOUBLE_TRACK_SEPARATED
S04,LK01,CCW,Y30,Y29,89.0,150.0,24.0000,15600.00,0.80,12480.00,2370.0,1.20,2844.0,0.2279,COMFORTABLE,PRELIMINARY_CAPACITY_PASS_INFRASTRUCTURE_UNVERIFIED,DOUBLE_TRACK_SEPARATED
S04,LK01,CW,Y29,Y30,89.0,198.0,18.1818,11818.18,0.80,9454.55,5700.0,1.20,6840.0,0.7235,COMFORTABLE,PRELIMINARY_CAPACITY_PASS_INFRASTRUCTURE_UNVERIFIED,DOUBLE_TRACK_SEPARATED
S04,LK02,CCW,Y31,Y30,91.9,150.0,24.0000,15600.00,0.80,12480.00,2420.0,1.20,2904.0,0.2327,COMFORTABLE,PRELIMINARY_CAPACITY_PASS_INFRASTRUCTURE_UNVERIFIED,DOUBLE_TRACK_SEPARATED
S04,LK02,CW,Y30,Y31,91.9,198.0,18.1818,11818.18,0.80,9454.55,5380.0,1.20,6456.0,0.6828,COMFORTABLE,PRELIMINARY_CAPACITY_PASS_INFRASTRUCTURE_UNVERIFIED,DOUBLE_TRACK_SEPARATED
S04,LK03,CCW,Y32,Y31,71.8,150.0,24.0000,15600.00,0.80,12480.00,4070.0,1.20,4884.0,0.3913,COMFORTABLE,PRELIMINARY_CAPACITY_PASS_INFRASTRUCTURE_UNVERIFIED,DOUBLE_TRACK_SEPARATED
S04,LK03,CW,Y31,Y32,71.8,198.0,18.1818,11818.18,0.80,9454.55,4130.0,1.20,4956.0,0.5242,COMFORTABLE,PRELIMINARY_CAPACITY_PASS_INFRASTRUCTURE_UNVERIFIED,DOUBLE_TRACK_SEPARATED
S04,LK04,CCW,Y33,Y32,86.9,150.0,24.0000,15600.00,0.80,12480.00,7170.0,1.20,8604.0,0.6894,COMFORTABLE,PRELIMINARY_CAPACITY_PASS_INFRASTRUCTURE_UNVERIFIED,DOUBLE_TRACK_SEPARATED
S04,LK04,CW,Y32,Y33,86.9,198.0,18.1818,11818.18,0.80,9454.55,3440.0,1.20,4128.0,0.4366,COMFORTABLE,PRELIMINARY_CAPACITY_PASS_INFRASTRUCTURE_UNVERIFIED,DOUBLE_TRACK_SEPARATED
S04,LK05,CCW,Y34,Y33,93.7,150.0,24.0000,15600.00,0.80,12480.00,9330.0,1.20,11196.0,0.8971,TIGHT,PRELIMINARY_CAPACITY_PASS_INFRASTRUCTURE_UNVERIFIED,DOUBLE_TRACK_SEPARATED
S04,LK05,CW,Y33,Y34,93.7,198.0,18.1818,11818.18,0.80,9454.55,4120.0,1.20,4944.0,0.5229,COMFORTABLE,PRELIMINARY_CAPACITY_PASS_INFRASTRUCTURE_UNVERIFIED,DOUBLE_TRACK_SEPARATED
S04,LK06,CCW,Y35,Y34,88.3,150.0,24.0000,15600.00,0.80,12480.00,10740.0,1.20,12888.0,1.0327,FAIL,FAIL_CAPACITY,DOUBLE_TRACK_SEPARATED
S04,LK06,CW,Y34,Y35,88.3,198.0,18.1818,11818.18,0.80,9454.55,4010.0,1.20,4812.0,0.5090,COMFORTABLE,PRELIMINARY_CAPACITY_PASS_INFRASTRUCTURE_UNVERIFIED,DOUBLE_TRACK_SEPARATED
S04,LK07,CCW,Y36,Y35,123.3,150.0,24.0000,15600.00,0.80,12480.00,15250.0,1.20,18300.0,1.4663,FAIL,FAIL_CAPACITY,DOUBLE_TRACK_SEPARATED
S04,LK07,CW,Y35,Y36,123.3,198.0,18.1818,11818.18,0.80,9454.55,5640.0,1.20,6768.0,0.7158,COMFORTABLE,PRELIMINARY_CAPACITY_PASS_INFRASTRUCTURE_UNVERIFIED,DOUBLE_TRACK_SEPARATED
S04,LK08,CCW,Y37,Y36,84.7,150.0,24.0000,15600.00,0.80,12480.00,13200.0,1.20,15840.0,1.2692,FAIL,FAIL_CAPACITY,DOUBLE_TRACK_SEPARATED
S04,LK08,CW,Y36,Y37,84.7,198.0,18.1818,11818.18,0.80,9454.55,7160.0,1.20,8592.0,0.9088,TIGHT,PRELIMINARY_CAPACITY_PASS_INFRASTRUCTURE_UNVERIFIED,DOUBLE_TRACK_SEPARATED
S04,LK09,CCW,Y38,Y37,127.7,150.0,24.0000,15600.00,0.80,12480.00,12210.0,1.20,14652.0,1.1740,FAIL,FAIL_CAPACITY,DOUBLE_TRACK_SEPARATED
S04,LK09,CW,Y37,Y38,127.7,198.0,18.1818,11818.18,0.80,9454.55,6120.0,1.20,7344.0,0.7768,COMFORTABLE,PRELIMINARY_CAPACITY_PASS_INFRASTRUCTURE_UNVERIFIED,DOUBLE_TRACK_SEPARATED
S04,LK10,CCW,Y39,Y38,92.1,150.0,24.0000,15600.00,0.80,12480.00,11970.0,1.20,14364.0,1.1510,FAIL,FAIL_CAPACITY,DOUBLE_TRACK_SEPARATED
S04,LK10,CW,Y38,Y39,92.1,198.0,18.1818,11818.18,0.80,9454.55,4060.0,1.20,4872.0,0.5153,COMFORTABLE,PRELIMINARY_CAPACITY_PASS_INFRASTRUCTURE_UNVERIFIED,DOUBLE_TRACK_SEPARATED
S04,LK11,CCW,Y01,Y39,193.0,150.0,24.0000,15600.00,0.80,12480.00,10310.0,1.20,12372.0,0.9913,TIGHT,PRELIMINARY_CAPACITY_PASS_INFRASTRUCTURE_UNVERIFIED,DOUBLE_TRACK_SEPARATED
S04,LK11,CW,Y39,Y01,193.0,198.0,18.1818,11818.18,0.80,9454.55,4590.0,1.20,5508.0,0.5826,COMFORTABLE,PRELIMINARY_CAPACITY_PASS_INFRASTRUCTURE_UNVERIFIED,DOUBLE_TRACK_SEPARATED
S05,LK01,CCW,Y30,Y29,89.0,150.0,24.0000,15600.00,1.00,15600.00,2370.0,0.90,2133.0,0.1367,COMFORTABLE,PRELIMINARY_CAPACITY_PASS_INFRASTRUCTURE_UNVERIFIED,DOUBLE_TRACK_SEPARATED
S05,LK01,CW,Y29,Y30,89.0,198.0,18.1818,11818.18,1.00,11818.18,5700.0,0.90,5130.0,0.4341,COMFORTABLE,PRELIMINARY_CAPACITY_PASS_INFRASTRUCTURE_UNVERIFIED,DOUBLE_TRACK_SEPARATED
S05,LK02,CCW,Y31,Y30,91.9,150.0,24.0000,15600.00,1.00,15600.00,2420.0,0.90,2178.0,0.1396,COMFORTABLE,PRELIMINARY_CAPACITY_PASS_INFRASTRUCTURE_UNVERIFIED,DOUBLE_TRACK_SEPARATED
S05,LK02,CW,Y30,Y31,91.9,198.0,18.1818,11818.18,1.00,11818.18,5380.0,0.90,4842.0,0.4097,COMFORTABLE,PRELIMINARY_CAPACITY_PASS_INFRASTRUCTURE_UNVERIFIED,DOUBLE_TRACK_SEPARATED
S05,LK03,CCW,Y32,Y31,71.8,150.0,24.0000,15600.00,1.00,15600.00,4070.0,0.90,3663.0,0.2348,COMFORTABLE,PRELIMINARY_CAPACITY_PASS_INFRASTRUCTURE_UNVERIFIED,DOUBLE_TRACK_SEPARATED
S05,LK03,CW,Y31,Y32,71.8,198.0,18.1818,11818.18,1.00,11818.18,4130.0,0.90,3717.0,0.3145,COMFORTABLE,PRELIMINARY_CAPACITY_PASS_INFRASTRUCTURE_UNVERIFIED,DOUBLE_TRACK_SEPARATED
S05,LK04,CCW,Y33,Y32,86.9,150.0,24.0000,15600.00,1.00,15600.00,7170.0,0.90,6453.0,0.4137,COMFORTABLE,PRELIMINARY_CAPACITY_PASS_INFRASTRUCTURE_UNVERIFIED,DOUBLE_TRACK_SEPARATED
S05,LK04,CW,Y32,Y33,86.9,198.0,18.1818,11818.18,1.00,11818.18,3440.0,0.90,3096.0,0.2620,COMFORTABLE,PRELIMINARY_CAPACITY_PASS_INFRASTRUCTURE_UNVERIFIED,DOUBLE_TRACK_SEPARATED
S05,LK05,CCW,Y34,Y33,93.7,150.0,24.0000,15600.00,1.00,15600.00,9330.0,0.90,8397.0,0.5383,COMFORTABLE,PRELIMINARY_CAPACITY_PASS_INFRASTRUCTURE_UNVERIFIED,DOUBLE_TRACK_SEPARATED
S05,LK05,CW,Y33,Y34,93.7,198.0,18.1818,11818.18,1.00,11818.18,4120.0,0.90,3708.0,0.3138,COMFORTABLE,PRELIMINARY_CAPACITY_PASS_INFRASTRUCTURE_UNVERIFIED,DOUBLE_TRACK_SEPARATED
S05,LK06,CCW,Y35,Y34,88.3,150.0,24.0000,15600.00,1.00,15600.00,10740.0,0.90,9666.0,0.6196,COMFORTABLE,PRELIMINARY_CAPACITY_PASS_INFRASTRUCTURE_UNVERIFIED,DOUBLE_TRACK_SEPARATED
S05,LK06,CW,Y34,Y35,88.3,198.0,18.1818,11818.18,1.00,11818.18,4010.0,0.90,3609.0,0.3054,COMFORTABLE,PRELIMINARY_CAPACITY_PASS_INFRASTRUCTURE_UNVERIFIED,DOUBLE_TRACK_SEPARATED
S05,LK07,CCW,Y36,Y35,123.3,150.0,24.0000,15600.00,1.00,15600.00,15250.0,0.90,13725.0,0.8798,TIGHT,PRELIMINARY_CAPACITY_PASS_INFRASTRUCTURE_UNVERIFIED,DOUBLE_TRACK_SEPARATED
S05,LK07,CW,Y35,Y36,123.3,198.0,18.1818,11818.18,1.00,11818.18,5640.0,0.90,5076.0,0.4295,COMFORTABLE,PRELIMINARY_CAPACITY_PASS_INFRASTRUCTURE_UNVERIFIED,DOUBLE_TRACK_SEPARATED
S05,LK08,CCW,Y37,Y36,84.7,150.0,24.0000,15600.00,1.00,15600.00,13200.0,0.90,11880.0,0.7615,COMFORTABLE,PRELIMINARY_CAPACITY_PASS_INFRASTRUCTURE_UNVERIFIED,DOUBLE_TRACK_SEPARATED
S05,LK08,CW,Y36,Y37,84.7,198.0,18.1818,11818.18,1.00,11818.18,7160.0,0.90,6444.0,0.5453,COMFORTABLE,PRELIMINARY_CAPACITY_PASS_INFRASTRUCTURE_UNVERIFIED,DOUBLE_TRACK_SEPARATED
S05,LK09,CCW,Y38,Y37,127.7,150.0,24.0000,15600.00,1.00,15600.00,12210.0,0.90,10989.0,0.7044,COMFORTABLE,PRELIMINARY_CAPACITY_PASS_INFRASTRUCTURE_UNVERIFIED,DOUBLE_TRACK_SEPARATED
S05,LK09,CW,Y37,Y38,127.7,198.0,18.1818,11818.18,1.00,11818.18,6120.0,0.90,5508.0,0.4661,COMFORTABLE,PRELIMINARY_CAPACITY_PASS_INFRASTRUCTURE_UNVERIFIED,DOUBLE_TRACK_SEPARATED
S05,LK10,CCW,Y39,Y38,92.1,150.0,24.0000,15600.00,1.00,15600.00,11970.0,0.90,10773.0,0.6906,COMFORTABLE,PRELIMINARY_CAPACITY_PASS_INFRASTRUCTURE_UNVERIFIED,DOUBLE_TRACK_SEPARATED
S05,LK10,CW,Y38,Y39,92.1,198.0,18.1818,11818.18,1.00,11818.18,4060.0,0.90,3654.0,0.3092,COMFORTABLE,PRELIMINARY_CAPACITY_PASS_INFRASTRUCTURE_UNVERIFIED,DOUBLE_TRACK_SEPARATED
S05,LK11,CCW,Y01,Y39,193.0,150.0,24.0000,15600.00,1.00,15600.00,10310.0,0.90,9279.0,0.5948,COMFORTABLE,PRELIMINARY_CAPACITY_PASS_INFRASTRUCTURE_UNVERIFIED,DOUBLE_TRACK_SEPARATED
S05,LK11,CW,Y39,Y01,193.0,198.0,18.1818,11818.18,1.00,11818.18,4590.0,0.90,4131.0,0.3495,COMFORTABLE,PRELIMINARY_CAPACITY_PASS_INFRASTRUCTURE_UNVERIFIED,DOUBLE_TRACK_SEPARATED
S06,LK01,CCW,Y30,Y29,89.0,150.0,24.0000,15600.00,0.70,10920.00,2370.0,1.00,2370.0,0.2170,COMFORTABLE,PRELIMINARY_CAPACITY_PASS_INFRASTRUCTURE_UNVERIFIED,DOUBLE_TRACK_SEPARATED
S06,LK01,CW,Y29,Y30,89.0,198.0,18.1818,11818.18,0.70,8272.73,5700.0,1.00,5700.0,0.6890,COMFORTABLE,PRELIMINARY_CAPACITY_PASS_INFRASTRUCTURE_UNVERIFIED,DOUBLE_TRACK_SEPARATED
S06,LK02,CCW,Y31,Y30,91.9,150.0,24.0000,15600.00,0.70,10920.00,2420.0,1.00,2420.0,0.2216,COMFORTABLE,PRELIMINARY_CAPACITY_PASS_INFRASTRUCTURE_UNVERIFIED,DOUBLE_TRACK_SEPARATED
S06,LK02,CW,Y30,Y31,91.9,198.0,18.1818,11818.18,0.70,8272.73,5380.0,1.00,5380.0,0.6503,COMFORTABLE,PRELIMINARY_CAPACITY_PASS_INFRASTRUCTURE_UNVERIFIED,DOUBLE_TRACK_SEPARATED
S06,LK03,CCW,Y32,Y31,71.8,150.0,24.0000,15600.00,0.70,10920.00,4070.0,1.00,4070.0,0.3727,COMFORTABLE,PRELIMINARY_CAPACITY_PASS_INFRASTRUCTURE_UNVERIFIED,DOUBLE_TRACK_SEPARATED
S06,LK03,CW,Y31,Y32,71.8,198.0,18.1818,11818.18,0.70,8272.73,4130.0,1.00,4130.0,0.4992,COMFORTABLE,PRELIMINARY_CAPACITY_PASS_INFRASTRUCTURE_UNVERIFIED,DOUBLE_TRACK_SEPARATED
S06,LK04,CCW,Y33,Y32,86.9,150.0,24.0000,15600.00,0.70,10920.00,7170.0,1.00,7170.0,0.6566,COMFORTABLE,PRELIMINARY_CAPACITY_PASS_INFRASTRUCTURE_UNVERIFIED,DOUBLE_TRACK_SEPARATED
S06,LK04,CW,Y32,Y33,86.9,198.0,18.1818,11818.18,0.70,8272.73,3440.0,1.00,3440.0,0.4158,COMFORTABLE,PRELIMINARY_CAPACITY_PASS_INFRASTRUCTURE_UNVERIFIED,DOUBLE_TRACK_SEPARATED
S06,LK05,CCW,Y34,Y33,93.7,150.0,24.0000,15600.00,0.70,10920.00,9330.0,1.00,9330.0,0.8544,TIGHT,PRELIMINARY_CAPACITY_PASS_INFRASTRUCTURE_UNVERIFIED,DOUBLE_TRACK_SEPARATED
S06,LK05,CW,Y33,Y34,93.7,198.0,18.1818,11818.18,0.70,8272.73,4120.0,1.00,4120.0,0.4980,COMFORTABLE,PRELIMINARY_CAPACITY_PASS_INFRASTRUCTURE_UNVERIFIED,DOUBLE_TRACK_SEPARATED
S06,LK06,CCW,Y35,Y34,88.3,150.0,24.0000,15600.00,0.70,10920.00,10740.0,1.00,10740.0,0.9835,TIGHT,PRELIMINARY_CAPACITY_PASS_INFRASTRUCTURE_UNVERIFIED,DOUBLE_TRACK_SEPARATED
S06,LK06,CW,Y34,Y35,88.3,198.0,18.1818,11818.18,0.70,8272.73,4010.0,1.00,4010.0,0.4847,COMFORTABLE,PRELIMINARY_CAPACITY_PASS_INFRASTRUCTURE_UNVERIFIED,DOUBLE_TRACK_SEPARATED
S06,LK07,CCW,Y36,Y35,123.3,150.0,24.0000,15600.00,0.70,10920.00,15250.0,1.00,15250.0,1.3965,FAIL,FAIL_CAPACITY,DOUBLE_TRACK_SEPARATED
S06,LK07,CW,Y35,Y36,123.3,198.0,18.1818,11818.18,0.70,8272.73,5640.0,1.00,5640.0,0.6818,COMFORTABLE,PRELIMINARY_CAPACITY_PASS_INFRASTRUCTURE_UNVERIFIED,DOUBLE_TRACK_SEPARATED
S06,LK08,CCW,Y37,Y36,84.7,150.0,24.0000,15600.00,0.70,10920.00,13200.0,1.00,13200.0,1.2088,FAIL,FAIL_CAPACITY,DOUBLE_TRACK_SEPARATED
S06,LK08,CW,Y36,Y37,84.7,198.0,18.1818,11818.18,0.70,8272.73,7160.0,1.00,7160.0,0.8655,TIGHT,PRELIMINARY_CAPACITY_PASS_INFRASTRUCTURE_UNVERIFIED,DOUBLE_TRACK_SEPARATED
S06,LK09,CCW,Y38,Y37,127.7,150.0,24.0000,15600.00,0.70,10920.00,12210.0,1.00,12210.0,1.1181,FAIL,FAIL_CAPACITY,DOUBLE_TRACK_SEPARATED
S06,LK09,CW,Y37,Y38,127.7,198.0,18.1818,11818.18,0.70,8272.73,6120.0,1.00,6120.0,0.7398,COMFORTABLE,PRELIMINARY_CAPACITY_PASS_INFRASTRUCTURE_UNVERIFIED,DOUBLE_TRACK_SEPARATED
S06,LK10,CCW,Y39,Y38,92.1,150.0,24.0000,15600.00,0.70,10920.00,11970.0,1.00,11970.0,1.0962,FAIL,FAIL_CAPACITY,DOUBLE_TRACK_SEPARATED
S06,LK10,CW,Y38,Y39,92.1,198.0,18.1818,11818.18,0.70,8272.73,4060.0,1.00,4060.0,0.4908,COMFORTABLE,PRELIMINARY_CAPACITY_PASS_INFRASTRUCTURE_UNVERIFIED,DOUBLE_TRACK_SEPARATED
S06,LK11,CCW,Y01,Y39,193.0,150.0,24.0000,15600.00,0.70,10920.00,10310.0,1.00,10310.0,0.9441,TIGHT,PRELIMINARY_CAPACITY_PASS_INFRASTRUCTURE_UNVERIFIED,DOUBLE_TRACK_SEPARATED
S06,LK11,CW,Y39,Y01,193.0,198.0,18.1818,11818.18,0.70,8272.73,4590.0,1.00,4590.0,0.5548,COMFORTABLE,PRELIMINARY_CAPACITY_PASS_INFRASTRUCTURE_UNVERIFIED,DOUBLE_TRACK_SEPARATED
