section_id,section_name,scenario_id,cycle_index,trip_id,direction,movement_from,movement_to,entry_time_hhmmss,exit_time_hhmmss,entry_sec_am_peak,exit_sec_am_peak,occupancy_duration_s,clearance_buffer_to_next_s,occupancy_type
Y30-Y33,Ruiguang Road Core Corridor,S00,1,Y30-Y33-TRIP-001-CW,CW,Y30,Y33,07:00:00,07:04:11,0.0,250.6,250.6,18.0,SINGLE_TRACK_TRAIN_MOVEMENT
Y30-Y33,Ruiguang Road Core Corridor,S00,1,Y30-Y33-TRIP-002-CCW,CCW,Y33,Y30,07:04:29,07:08:39,268.6,519.2,250.6,78.0,SINGLE_TRACK_TRAIN_MOVEMENT
Y30-Y33,Ruiguang Road Core Corridor,S00,2,Y30-Y33-TRIP-003-CW,CW,Y30,Y33,07:09:57,07:14:08,597.2,847.8,250.6,18.0,SINGLE_TRACK_TRAIN_MOVEMENT
Y30-Y33,Ruiguang Road Core Corridor,S00,2,Y30-Y33-TRIP-004-CCW,CCW,Y33,Y30,07:14:26,07:18:36,865.8,1116.4,250.6,78.0,SINGLE_TRACK_TRAIN_MOVEMENT
Y30-Y33,Ruiguang Road Core Corridor,S00,3,Y30-Y33-TRIP-005-CW,CW,Y30,Y33,07:19:54,07:24:05,1194.4,1445.0,250.6,18.0,SINGLE_TRACK_TRAIN_MOVEMENT
Y30-Y33,Ruiguang Road Core Corridor,S00,3,Y30-Y33-TRIP-006-CCW,CCW,Y33,Y30,07:24:23,07:28:34,1463.0,1713.6,250.6,78.0,SINGLE_TRACK_TRAIN_MOVEMENT
Y30-Y33,Ruiguang Road Core Corridor,S00,4,Y30-Y33-TRIP-007-CW,CW,Y30,Y33,07:29:52,07:34:02,1791.6,2042.2,250.6,18.0,SINGLE_TRACK_TRAIN_MOVEMENT
Y30-Y33,Ruiguang Road Core Corridor,S00,4,Y30-Y33-TRIP-008-CCW,CCW,Y33,Y30,07:34:20,07:38:31,2060.2,2310.8,250.6,78.0,SINGLE_TRACK_TRAIN_MOVEMENT
Y30-Y33,Ruiguang Road Core Corridor,S00,5,Y30-Y33-TRIP-009-CW,CW,Y30,Y33,07:39:49,07:43:59,2388.8,2639.4,250.6,18.0,SINGLE_TRACK_TRAIN_MOVEMENT
Y30-Y33,Ruiguang Road Core Corridor,S00,5,Y30-Y33-TRIP-010-CCW,CCW,Y33,Y30,07:44:17,07:48:28,2657.4,2908.0,250.6,78.0,SINGLE_TRACK_TRAIN_MOVEMENT
Y30-Y33,Ruiguang Road Core Corridor,S00,6,Y30-Y33-TRIP-011-CW,CW,Y30,Y33,07:49:46,07:53:57,2986.0,3236.6,250.6,18.0,SINGLE_TRACK_TRAIN_MOVEMENT
Y30-Y33,Ruiguang Road Core Corridor,S00,6,Y30-Y33-TRIP-012-CCW,CCW,Y33,Y30,07:54:15,07:58:25,3254.6,3505.2,250.6,78.0,SINGLE_TRACK_TRAIN_MOVEMENT
Y30-Y33,Ruiguang Road Core Corridor,S00,7,Y30-Y33-TRIP-013-CW,CW,Y30,Y33,07:59:43,08:03:54,3583.2,3833.8,250.6,18.0,SINGLE_TRACK_TRAIN_MOVEMENT
Y30-Y33,Ruiguang Road Core Corridor,S00,7,Y30-Y33-TRIP-014-CCW,CCW,Y33,Y30,08:04:12,08:08:22,3851.8,4102.4,250.6,78.0,SINGLE_TRACK_TRAIN_MOVEMENT
Y30-Y33,Ruiguang Road Core Corridor,S00,8,Y30-Y33-TRIP-015-CW,CW,Y30,Y33,08:09:40,08:13:51,4180.4,4431.0,250.6,18.0,SINGLE_TRACK_TRAIN_MOVEMENT
Y30-Y33,Ruiguang Road Core Corridor,S00,8,Y30-Y33-TRIP-016-CCW,CCW,Y33,Y30,08:14:09,08:18:20,4449.0,4699.6,250.6,78.0,SINGLE_TRACK_TRAIN_MOVEMENT
Y30-Y33,Ruiguang Road Core Corridor,S00,9,Y30-Y33-TRIP-017-CW,CW,Y30,Y33,08:19:38,08:23:48,4777.6,5028.2,250.6,18.0,SINGLE_TRACK_TRAIN_MOVEMENT
Y30-Y33,Ruiguang Road Core Corridor,S00,9,Y30-Y33-TRIP-018-CCW,CCW,Y33,Y30,08:24:06,08:28:17,5046.2,5296.8,250.6,78.0,SINGLE_TRACK_TRAIN_MOVEMENT
Y30-Y33,Ruiguang Road Core Corridor,S00,10,Y30-Y33-TRIP-019-CW,CW,Y30,Y33,08:29:35,08:33:45,5374.8,5625.4,250.6,18.0,SINGLE_TRACK_TRAIN_MOVEMENT
Y30-Y33,Ruiguang Road Core Corridor,S00,10,Y30-Y33-TRIP-020-CCW,CCW,Y33,Y30,08:34:03,08:38:14,5643.4,5894.0,250.6,78.0,SINGLE_TRACK_TRAIN_MOVEMENT
Y30-Y33,Ruiguang Road Core Corridor,S00,11,Y30-Y33-TRIP-021-CW,CW,Y30,Y33,08:39:32,08:43:43,5972.0,6222.6,250.6,18.0,SINGLE_TRACK_TRAIN_MOVEMENT
Y30-Y33,Ruiguang Road Core Corridor,S00,11,Y30-Y33-TRIP-022-CCW,CCW,Y33,Y30,08:44:01,08:48:11,6240.6,6491.2,250.6,78.0,SINGLE_TRACK_TRAIN_MOVEMENT
Y30-Y33,Ruiguang Road Core Corridor,S00,12,Y30-Y33-TRIP-023-CW,CW,Y30,Y33,08:49:29,08:53:40,6569.2,6819.8,250.6,18.0,SINGLE_TRACK_TRAIN_MOVEMENT
Y30-Y33,Ruiguang Road Core Corridor,S00,12,Y30-Y33-TRIP-024-CCW,CCW,Y33,Y30,08:53:58,08:58:08,6837.8,7088.4,250.6,78.0,SINGLE_TRACK_TRAIN_MOVEMENT
Y35-Y36,Keelung River Undercrossing,S00,1,Y35-Y36-TRIP-001-CW,CW,Y35,Y36,07:00:00,07:02:03,0.0,123.3,123.3,18.0,SINGLE_TRACK_TRAIN_MOVEMENT
Y35-Y36,Keelung River Undercrossing,S00,1,Y35-Y36-TRIP-002-CCW,CCW,Y36,Y35,07:02:21,07:04:25,141.3,264.6,123.3,78.0,SINGLE_TRACK_TRAIN_MOVEMENT
Y35-Y36,Keelung River Undercrossing,S00,2,Y35-Y36-TRIP-003-CW,CW,Y35,Y36,07:05:43,07:07:46,342.6,465.9,123.3,18.0,SINGLE_TRACK_TRAIN_MOVEMENT
Y35-Y36,Keelung River Undercrossing,S00,2,Y35-Y36-TRIP-004-CCW,CCW,Y36,Y35,07:08:04,07:10:07,483.9,607.2,123.3,78.0,SINGLE_TRACK_TRAIN_MOVEMENT
Y35-Y36,Keelung River Undercrossing,S00,3,Y35-Y36-TRIP-005-CW,CW,Y35,Y36,07:11:25,07:13:28,685.2,808.5,123.3,18.0,SINGLE_TRACK_TRAIN_MOVEMENT
Y35-Y36,Keelung River Undercrossing,S00,3,Y35-Y36-TRIP-006-CCW,CCW,Y36,Y35,07:13:46,07:15:50,826.5,949.8,123.3,78.0,SINGLE_TRACK_TRAIN_MOVEMENT
Y35-Y36,Keelung River Undercrossing,S00,4,Y35-Y36-TRIP-007-CW,CW,Y35,Y36,07:17:08,07:19:11,1027.8,1151.1,123.3,18.0,SINGLE_TRACK_TRAIN_MOVEMENT
Y35-Y36,Keelung River Undercrossing,S00,4,Y35-Y36-TRIP-008-CCW,CCW,Y36,Y35,07:19:29,07:21:32,1169.1,1292.4,123.3,78.0,SINGLE_TRACK_TRAIN_MOVEMENT
Y35-Y36,Keelung River Undercrossing,S00,5,Y35-Y36-TRIP-009-CW,CW,Y35,Y36,07:22:50,07:24:54,1370.4,1493.7,123.3,18.0,SINGLE_TRACK_TRAIN_MOVEMENT
Y35-Y36,Keelung River Undercrossing,S00,5,Y35-Y36-TRIP-010-CCW,CCW,Y36,Y35,07:25:12,07:27:15,1511.7,1635.0,123.3,78.0,SINGLE_TRACK_TRAIN_MOVEMENT
Y35-Y36,Keelung River Undercrossing,S00,6,Y35-Y36-TRIP-011-CW,CW,Y35,Y36,07:28:33,07:30:36,1713.0,1836.3,123.3,18.0,SINGLE_TRACK_TRAIN_MOVEMENT
Y35-Y36,Keelung River Undercrossing,S00,6,Y35-Y36-TRIP-012-CCW,CCW,Y36,Y35,07:30:54,07:32:58,1854.3,1977.6,123.3,78.0,SINGLE_TRACK_TRAIN_MOVEMENT
Y35-Y36,Keelung River Undercrossing,S00,7,Y35-Y36-TRIP-013-CW,CW,Y35,Y36,07:34:16,07:36:19,2055.6,2178.9,123.3,18.0,SINGLE_TRACK_TRAIN_MOVEMENT
Y35-Y36,Keelung River Undercrossing,S00,7,Y35-Y36-TRIP-014-CCW,CCW,Y36,Y35,07:36:37,07:38:40,2196.9,2320.2,123.3,78.0,SINGLE_TRACK_TRAIN_MOVEMENT
Y35-Y36,Keelung River Undercrossing,S00,8,Y35-Y36-TRIP-015-CW,CW,Y35,Y36,07:39:58,07:42:02,2398.2,2521.5,123.3,18.0,SINGLE_TRACK_TRAIN_MOVEMENT
Y35-Y36,Keelung River Undercrossing,S00,8,Y35-Y36-TRIP-016-CCW,CCW,Y36,Y35,07:42:20,07:44:23,2539.5,2662.8,123.3,78.0,SINGLE_TRACK_TRAIN_MOVEMENT
Y35-Y36,Keelung River Undercrossing,S00,9,Y35-Y36-TRIP-017-CW,CW,Y35,Y36,07:45:41,07:47:44,2740.8,2864.1,123.3,18.0,SINGLE_TRACK_TRAIN_MOVEMENT
Y35-Y36,Keelung River Undercrossing,S00,9,Y35-Y36-TRIP-018-CCW,CCW,Y36,Y35,07:48:02,07:50:05,2882.1,3005.4,123.3,78.0,SINGLE_TRACK_TRAIN_MOVEMENT
Y35-Y36,Keelung River Undercrossing,S00,10,Y35-Y36-TRIP-019-CW,CW,Y35,Y36,07:51:23,07:53:27,3083.4,3206.7,123.3,18.0,SINGLE_TRACK_TRAIN_MOVEMENT
Y35-Y36,Keelung River Undercrossing,S00,10,Y35-Y36-TRIP-020-CCW,CCW,Y36,Y35,07:53:45,07:55:48,3224.7,3348.0,123.3,78.0,SINGLE_TRACK_TRAIN_MOVEMENT
Y35-Y36,Keelung River Undercrossing,S00,11,Y35-Y36-TRIP-021-CW,CW,Y35,Y36,07:57:06,07:59:09,3426.0,3549.3,123.3,18.0,SINGLE_TRACK_TRAIN_MOVEMENT
Y35-Y36,Keelung River Undercrossing,S00,11,Y35-Y36-TRIP-022-CCW,CCW,Y36,Y35,07:59:27,08:01:31,3567.3,3690.6,123.3,78.0,SINGLE_TRACK_TRAIN_MOVEMENT
Y35-Y36,Keelung River Undercrossing,S00,12,Y35-Y36-TRIP-023-CW,CW,Y35,Y36,08:02:49,08:04:52,3768.6,3891.9,123.3,18.0,SINGLE_TRACK_TRAIN_MOVEMENT
Y35-Y36,Keelung River Undercrossing,S00,12,Y35-Y36-TRIP-024-CCW,CCW,Y36,Y35,08:05:10,08:07:13,3909.9,4033.2,123.3,78.0,SINGLE_TRACK_TRAIN_MOVEMENT
Y35-Y36,Keelung River Undercrossing,S00,13,Y35-Y36-TRIP-025-CW,CW,Y35,Y36,08:08:31,08:10:34,4111.2,4234.5,123.3,18.0,SINGLE_TRACK_TRAIN_MOVEMENT
Y35-Y36,Keelung River Undercrossing,S00,13,Y35-Y36-TRIP-026-CCW,CCW,Y36,Y35,08:10:52,08:12:56,4252.5,4375.8,123.3,78.0,SINGLE_TRACK_TRAIN_MOVEMENT
Y35-Y36,Keelung River Undercrossing,S00,14,Y35-Y36-TRIP-027-CW,CW,Y35,Y36,08:14:14,08:16:17,4453.8,4577.1,123.3,18.0,SINGLE_TRACK_TRAIN_MOVEMENT
Y35-Y36,Keelung River Undercrossing,S00,14,Y35-Y36-TRIP-028-CCW,CCW,Y36,Y35,08:16:35,08:18:38,4595.1,4718.4,123.3,78.0,SINGLE_TRACK_TRAIN_MOVEMENT
Y35-Y36,Keelung River Undercrossing,S00,15,Y35-Y36-TRIP-029-CW,CW,Y35,Y36,08:19:56,08:22:00,4796.4,4919.7,123.3,18.0,SINGLE_TRACK_TRAIN_MOVEMENT
Y35-Y36,Keelung River Undercrossing,S00,15,Y35-Y36-TRIP-030-CCW,CCW,Y36,Y35,08:22:18,08:24:21,4937.7,5061.0,123.3,78.0,SINGLE_TRACK_TRAIN_MOVEMENT
Y35-Y36,Keelung River Undercrossing,S00,16,Y35-Y36-TRIP-031-CW,CW,Y35,Y36,08:25:39,08:27:42,5139.0,5262.3,123.3,18.0,SINGLE_TRACK_TRAIN_MOVEMENT
Y35-Y36,Keelung River Undercrossing,S00,16,Y35-Y36-TRIP-032-CCW,CCW,Y36,Y35,08:28:00,08:30:04,5280.3,5403.6,123.3,78.0,SINGLE_TRACK_TRAIN_MOVEMENT
Y35-Y36,Keelung River Undercrossing,S00,17,Y35-Y36-TRIP-033-CW,CW,Y35,Y36,08:31:22,08:33:25,5481.6,5604.9,123.3,18.0,SINGLE_TRACK_TRAIN_MOVEMENT
Y35-Y36,Keelung River Undercrossing,S00,17,Y35-Y36-TRIP-034-CCW,CCW,Y36,Y35,08:33:43,08:35:46,5622.9,5746.2,123.3,78.0,SINGLE_TRACK_TRAIN_MOVEMENT
Y35-Y36,Keelung River Undercrossing,S00,18,Y35-Y36-TRIP-035-CW,CW,Y35,Y36,08:37:04,08:39:08,5824.2,5947.5,123.3,18.0,SINGLE_TRACK_TRAIN_MOVEMENT
Y35-Y36,Keelung River Undercrossing,S00,18,Y35-Y36-TRIP-036-CCW,CCW,Y36,Y35,08:39:26,08:41:29,5965.5,6088.8,123.3,78.0,SINGLE_TRACK_TRAIN_MOVEMENT
Y35-Y36,Keelung River Undercrossing,S00,19,Y35-Y36-TRIP-037-CW,CW,Y35,Y36,08:42:47,08:44:50,6166.8,6290.1,123.3,18.0,SINGLE_TRACK_TRAIN_MOVEMENT
Y35-Y36,Keelung River Undercrossing,S00,19,Y35-Y36-TRIP-038-CCW,CCW,Y36,Y35,08:45:08,08:47:11,6308.1,6431.4,123.3,78.0,SINGLE_TRACK_TRAIN_MOVEMENT
Y35-Y36,Keelung River Undercrossing,S00,20,Y35-Y36-TRIP-039-CW,CW,Y35,Y36,08:48:29,08:50:33,6509.4,6632.7,123.3,18.0,SINGLE_TRACK_TRAIN_MOVEMENT
Y35-Y36,Keelung River Undercrossing,S00,20,Y35-Y36-TRIP-040-CCW,CCW,Y36,Y35,08:50:51,08:52:54,6650.7,6774.0,123.3,78.0,SINGLE_TRACK_TRAIN_MOVEMENT
Y35-Y36,Keelung River Undercrossing,S00,21,Y35-Y36-TRIP-041-CW,CW,Y35,Y36,08:54:12,08:56:15,6852.0,6975.3,123.3,18.0,SINGLE_TRACK_TRAIN_MOVEMENT
Y35-Y36,Keelung River Undercrossing,S00,21,Y35-Y36-TRIP-042-CCW,CCW,Y36,Y35,08:56:33,08:58:37,6993.3,7116.6,123.3,78.0,SINGLE_TRACK_TRAIN_MOVEMENT
Y38-Y01,Southern Tail Extended Section,S00,1,Y38-Y01-TRIP-001-CW,CW,Y38,Y01,07:00:00,07:04:45,0.0,285.1,285.1,18.0,SINGLE_TRACK_TRAIN_MOVEMENT
Y38-Y01,Southern Tail Extended Section,S00,1,Y38-Y01-TRIP-002-CCW,CCW,Y01,Y38,07:05:03,07:09:48,303.1,588.2,285.1,78.0,SINGLE_TRACK_TRAIN_MOVEMENT
Y38-Y01,Southern Tail Extended Section,S00,2,Y38-Y01-TRIP-003-CW,CW,Y38,Y01,07:11:06,07:15:51,666.2,951.3,285.1,18.0,SINGLE_TRACK_TRAIN_MOVEMENT
Y38-Y01,Southern Tail Extended Section,S00,2,Y38-Y01-TRIP-004-CCW,CCW,Y01,Y38,07:16:09,07:20:54,969.3,1254.4,285.1,78.0,SINGLE_TRACK_TRAIN_MOVEMENT
Y38-Y01,Southern Tail Extended Section,S00,3,Y38-Y01-TRIP-005-CW,CW,Y38,Y01,07:22:12,07:26:58,1332.4,1617.5,285.1,18.0,SINGLE_TRACK_TRAIN_MOVEMENT
Y38-Y01,Southern Tail Extended Section,S00,3,Y38-Y01-TRIP-006-CCW,CCW,Y01,Y38,07:27:16,07:32:01,1635.5,1920.6,285.1,78.0,SINGLE_TRACK_TRAIN_MOVEMENT
Y38-Y01,Southern Tail Extended Section,S00,4,Y38-Y01-TRIP-007-CW,CW,Y38,Y01,07:33:19,07:38:04,1998.6,2283.7,285.1,18.0,SINGLE_TRACK_TRAIN_MOVEMENT
Y38-Y01,Southern Tail Extended Section,S00,4,Y38-Y01-TRIP-008-CCW,CCW,Y01,Y38,07:38:22,07:43:07,2301.7,2586.8,285.1,78.0,SINGLE_TRACK_TRAIN_MOVEMENT
Y38-Y01,Southern Tail Extended Section,S00,5,Y38-Y01-TRIP-009-CW,CW,Y38,Y01,07:44:25,07:49:10,2664.8,2949.9,285.1,18.0,SINGLE_TRACK_TRAIN_MOVEMENT
Y38-Y01,Southern Tail Extended Section,S00,5,Y38-Y01-TRIP-010-CCW,CCW,Y01,Y38,07:49:28,07:54:13,2967.9,3253.0,285.1,78.0,SINGLE_TRACK_TRAIN_MOVEMENT
Y38-Y01,Southern Tail Extended Section,S00,6,Y38-Y01-TRIP-011-CW,CW,Y38,Y01,07:55:31,08:00:16,3331.0,3616.1,285.1,18.0,SINGLE_TRACK_TRAIN_MOVEMENT
Y38-Y01,Southern Tail Extended Section,S00,6,Y38-Y01-TRIP-012-CCW,CCW,Y01,Y38,08:00:34,08:05:19,3634.1,3919.2,285.1,78.0,SINGLE_TRACK_TRAIN_MOVEMENT
Y38-Y01,Southern Tail Extended Section,S00,7,Y38-Y01-TRIP-013-CW,CW,Y38,Y01,08:06:37,08:11:22,3997.2,4282.3,285.1,18.0,SINGLE_TRACK_TRAIN_MOVEMENT
Y38-Y01,Southern Tail Extended Section,S00,7,Y38-Y01-TRIP-014-CCW,CCW,Y01,Y38,08:11:40,08:16:25,4300.3,4585.4,285.1,78.0,SINGLE_TRACK_TRAIN_MOVEMENT
Y38-Y01,Southern Tail Extended Section,S00,8,Y38-Y01-TRIP-015-CW,CW,Y38,Y01,08:17:43,08:22:28,4663.4,4948.5,285.1,18.0,SINGLE_TRACK_TRAIN_MOVEMENT
Y38-Y01,Southern Tail Extended Section,S00,8,Y38-Y01-TRIP-016-CCW,CCW,Y01,Y38,08:22:46,08:27:32,4966.5,5251.6,285.1,78.0,SINGLE_TRACK_TRAIN_MOVEMENT
Y38-Y01,Southern Tail Extended Section,S00,9,Y38-Y01-TRIP-017-CW,CW,Y38,Y01,08:28:50,08:33:35,5329.6,5614.7,285.1,18.0,SINGLE_TRACK_TRAIN_MOVEMENT
Y38-Y01,Southern Tail Extended Section,S00,9,Y38-Y01-TRIP-018-CCW,CCW,Y01,Y38,08:33:53,08:38:38,5632.7,5917.8,285.1,78.0,SINGLE_TRACK_TRAIN_MOVEMENT
Y38-Y01,Southern Tail Extended Section,S00,10,Y38-Y01-TRIP-019-CW,CW,Y38,Y01,08:39:56,08:44:41,5995.8,6280.9,285.1,18.0,SINGLE_TRACK_TRAIN_MOVEMENT
Y38-Y01,Southern Tail Extended Section,S00,10,Y38-Y01-TRIP-020-CCW,CCW,Y01,Y38,08:44:59,08:49:44,6298.9,6584.0,285.1,78.0,SINGLE_TRACK_TRAIN_MOVEMENT
Y38-Y01,Southern Tail Extended Section,S00,11,Y38-Y01-TRIP-021-CW,CW,Y38,Y01,08:51:02,08:55:47,6662.0,6947.1,285.1,18.0,SINGLE_TRACK_TRAIN_MOVEMENT
Y39-Y01,Mountain Tunnel Section,S00,1,Y39-Y01-TRIP-001-CW,CW,Y39,Y01,07:00:00,07:03:13,0.0,193.0,193.0,18.0,SINGLE_TRACK_TRAIN_MOVEMENT
Y39-Y01,Mountain Tunnel Section,S00,1,Y39-Y01-TRIP-002-CCW,CCW,Y01,Y39,07:03:31,07:06:44,211.0,404.0,193.0,78.0,SINGLE_TRACK_TRAIN_MOVEMENT
Y39-Y01,Mountain Tunnel Section,S00,2,Y39-Y01-TRIP-003-CW,CW,Y39,Y01,07:08:02,07:11:15,482.0,675.0,193.0,18.0,SINGLE_TRACK_TRAIN_MOVEMENT
Y39-Y01,Mountain Tunnel Section,S00,2,Y39-Y01-TRIP-004-CCW,CCW,Y01,Y39,07:11:33,07:14:46,693.0,886.0,193.0,78.0,SINGLE_TRACK_TRAIN_MOVEMENT
Y39-Y01,Mountain Tunnel Section,S00,3,Y39-Y01-TRIP-005-CW,CW,Y39,Y01,07:16:04,07:19:17,964.0,1157.0,193.0,18.0,SINGLE_TRACK_TRAIN_MOVEMENT
Y39-Y01,Mountain Tunnel Section,S00,3,Y39-Y01-TRIP-006-CCW,CCW,Y01,Y39,07:19:35,07:22:48,1175.0,1368.0,193.0,78.0,SINGLE_TRACK_TRAIN_MOVEMENT
Y39-Y01,Mountain Tunnel Section,S00,4,Y39-Y01-TRIP-007-CW,CW,Y39,Y01,07:24:06,07:27:19,1446.0,1639.0,193.0,18.0,SINGLE_TRACK_TRAIN_MOVEMENT
Y39-Y01,Mountain Tunnel Section,S00,4,Y39-Y01-TRIP-008-CCW,CCW,Y01,Y39,07:27:37,07:30:50,1657.0,1850.0,193.0,78.0,SINGLE_TRACK_TRAIN_MOVEMENT
Y39-Y01,Mountain Tunnel Section,S00,5,Y39-Y01-TRIP-009-CW,CW,Y39,Y01,07:32:08,07:35:21,1928.0,2121.0,193.0,18.0,SINGLE_TRACK_TRAIN_MOVEMENT
Y39-Y01,Mountain Tunnel Section,S00,5,Y39-Y01-TRIP-010-CCW,CCW,Y01,Y39,07:35:39,07:38:52,2139.0,2332.0,193.0,78.0,SINGLE_TRACK_TRAIN_MOVEMENT
Y39-Y01,Mountain Tunnel Section,S00,6,Y39-Y01-TRIP-011-CW,CW,Y39,Y01,07:40:10,07:43:23,2410.0,2603.0,193.0,18.0,SINGLE_TRACK_TRAIN_MOVEMENT
Y39-Y01,Mountain Tunnel Section,S00,6,Y39-Y01-TRIP-012-CCW,CCW,Y01,Y39,07:43:41,07:46:54,2621.0,2814.0,193.0,78.0,SINGLE_TRACK_TRAIN_MOVEMENT
Y39-Y01,Mountain Tunnel Section,S00,7,Y39-Y01-TRIP-013-CW,CW,Y39,Y01,07:48:12,07:51:25,2892.0,3085.0,193.0,18.0,SINGLE_TRACK_TRAIN_MOVEMENT
Y39-Y01,Mountain Tunnel Section,S00,7,Y39-Y01-TRIP-014-CCW,CCW,Y01,Y39,07:51:43,07:54:56,3103.0,3296.0,193.0,78.0,SINGLE_TRACK_TRAIN_MOVEMENT
Y39-Y01,Mountain Tunnel Section,S00,8,Y39-Y01-TRIP-015-CW,CW,Y39,Y01,07:56:14,07:59:27,3374.0,3567.0,193.0,18.0,SINGLE_TRACK_TRAIN_MOVEMENT
Y39-Y01,Mountain Tunnel Section,S00,8,Y39-Y01-TRIP-016-CCW,CCW,Y01,Y39,07:59:45,08:02:58,3585.0,3778.0,193.0,78.0,SINGLE_TRACK_TRAIN_MOVEMENT
Y39-Y01,Mountain Tunnel Section,S00,9,Y39-Y01-TRIP-017-CW,CW,Y39,Y01,08:04:16,08:07:29,3856.0,4049.0,193.0,18.0,SINGLE_TRACK_TRAIN_MOVEMENT
Y39-Y01,Mountain Tunnel Section,S00,9,Y39-Y01-TRIP-018-CCW,CCW,Y01,Y39,08:07:47,08:11:00,4067.0,4260.0,193.0,78.0,SINGLE_TRACK_TRAIN_MOVEMENT
Y39-Y01,Mountain Tunnel Section,S00,10,Y39-Y01-TRIP-019-CW,CW,Y39,Y01,08:12:18,08:15:31,4338.0,4531.0,193.0,18.0,SINGLE_TRACK_TRAIN_MOVEMENT
Y39-Y01,Mountain Tunnel Section,S00,10,Y39-Y01-TRIP-020-CCW,CCW,Y01,Y39,08:15:49,08:19:02,4549.0,4742.0,193.0,78.0,SINGLE_TRACK_TRAIN_MOVEMENT
Y39-Y01,Mountain Tunnel Section,S00,11,Y39-Y01-TRIP-021-CW,CW,Y39,Y01,08:20:20,08:23:33,4820.0,5013.0,193.0,18.0,SINGLE_TRACK_TRAIN_MOVEMENT
Y39-Y01,Mountain Tunnel Section,S00,11,Y39-Y01-TRIP-022-CCW,CCW,Y01,Y39,08:23:51,08:27:04,5031.0,5224.0,193.0,78.0,SINGLE_TRACK_TRAIN_MOVEMENT
Y39-Y01,Mountain Tunnel Section,S00,12,Y39-Y01-TRIP-023-CW,CW,Y39,Y01,08:28:22,08:31:35,5302.0,5495.0,193.0,18.0,SINGLE_TRACK_TRAIN_MOVEMENT
Y39-Y01,Mountain Tunnel Section,S00,12,Y39-Y01-TRIP-024-CCW,CCW,Y01,Y39,08:31:53,08:35:06,5513.0,5706.0,193.0,78.0,SINGLE_TRACK_TRAIN_MOVEMENT
Y39-Y01,Mountain Tunnel Section,S00,13,Y39-Y01-TRIP-025-CW,CW,Y39,Y01,08:36:24,08:39:37,5784.0,5977.0,193.0,18.0,SINGLE_TRACK_TRAIN_MOVEMENT
Y39-Y01,Mountain Tunnel Section,S00,13,Y39-Y01-TRIP-026-CCW,CCW,Y01,Y39,08:39:55,08:43:08,5995.0,6188.0,193.0,78.0,SINGLE_TRACK_TRAIN_MOVEMENT
Y39-Y01,Mountain Tunnel Section,S00,14,Y39-Y01-TRIP-027-CW,CW,Y39,Y01,08:44:26,08:47:39,6266.0,6459.0,193.0,18.0,SINGLE_TRACK_TRAIN_MOVEMENT
Y39-Y01,Mountain Tunnel Section,S00,14,Y39-Y01-TRIP-028-CCW,CCW,Y01,Y39,08:47:57,08:51:10,6477.0,6670.0,193.0,78.0,SINGLE_TRACK_TRAIN_MOVEMENT
Y39-Y01,Mountain Tunnel Section,S00,15,Y39-Y01-TRIP-029-CW,CW,Y39,Y01,08:52:28,08:55:41,6748.0,6941.0,193.0,18.0,SINGLE_TRACK_TRAIN_MOVEMENT
Y39-Y01,Mountain Tunnel Section,S00,15,Y39-Y01-TRIP-030-CCW,CCW,Y01,Y39,08:55:59,08:59:12,6959.0,7152.0,193.0,78.0,SINGLE_TRACK_TRAIN_MOVEMENT
