dataset_id,domain,title,file_path,source,publication_date,units,coordinate_reference_system,accuracy_lod,license,uncertainty_range
DS-01-STA,Alignment and Topology,"Station Chainage, Geometry, Platform Type, and Elevation Dataset",01_alignment_topology/alignment_stations.csv,DORTS Circular Line East Section Comprehensive Planning Report & EIA,2023-03-29,"Distance: m/km, Elevation: m MSL, Coordinates: m (TWD97) / deg (WGS84)",EPSG:3826 & EPSG:4326,LOD 300 / Detailed Planning Standard (+/- 0.5m),Taiwan Government Open Data License v1.0,+/- 2% on station chainage due to detailed civil contractor staking
DS-01-CURV,Alignment and Topology,"Horizontal Curve Radius, Transition Spirals, and Cant Profile",01_alignment_topology/alignment_horizontal_curves.csv,DORTS Basic Engineering Alignment Drawings & DORTS MRT Alignment Design Manual,2023-08-15,"Radius: m, Cant: mm, Speed: km/h, Angle: deg",EPSG:3826,LOD 300 (+/- 1.0m curve radius),Taiwan Government Open Data License v1.0,+/- 3%
DS-01-GRAD,Alignment and Topology,Vertical Alignment Gradient and Elevation Profile,01_alignment_topology/alignment_vertical_gradients.csv,DORTS East Section Civil Contract Alignment Specifications (CF710-CF763),2024-05-10,"Gradient: permille (‰), Elevation: m MSL, Curve Radius: m",EPSG:3826 Elevation Datum (TWVD2001),LOD 300 (+/- 0.1‰),Taiwan Government Open Data License v1.0,+/- 2%
DS-01-XO,Alignment and Topology,"Turnouts, Scissors Crossovers, and Special Trackwork Layout",01_alignment_topology/special_trackwork_crossovers.csv,DORTS Signalling & Trackwork Interface Document (CF610/CF617),2024-02-20,"Chainage: km, Speed: km/h, Geometry: Ratio (1:9 / 1:12)",EPSG:3826,LOD 350 (+/- 0.1m),Public Procurement Notice / Open Access,+/- 1%
DS-01-GEOJSON,Alignment and Topology,GIS Spatial Alignment Layer and Candidate Single-Track Boundaries,01_alignment_topology/circular_line_east_alignment.geojson,"Assembled from TDX Open Data API, DORTS GIS layers, and Survey Centroids",2026-10-06,"WGS84 Coordinates [Longitude, Latitude]",EPSG:4326 (WGS84),Centimetric GIS Mapping,CC-BY 4.0 / Taiwan Open Data License v1.0,+/- 5m absolute geographic placement
DS-01-RAILML,Alignment and Topology,railML 3.2 Operational Infrastructure Model,01_alignment_topology/railml_infrastructure_east_section.xml,Compiled by Pipeline Data Collection Agent according to railML 3.2 schema,2026-10-06,"SI Metric (meters, seconds, km/h)",Linear Chainage Referencing (km),Operational Micro-simulation Level,railML Community License / Open Access,Deterministic operational topology
DS-02-BORE,Tunnel and Civil Design,Tunnel Bore Geometric Cross-Sections and Material Specifications,02_tunnel_civil/tunnel_bore_specifications.csv,"DORTS Shield Tunnel Design Criteria & Tender Package Specifications CF710, CF720, CF763",2024-06-30,"Dimension: m, Area: m2, Volume: m3/m, Concrete: MPa (C50/60)",Cross-sectional structural axes,LOD 350 Detailed Civil Design,Public Domain Technical Norms,+/- 1.5% structural thickness
DS-02-SHAFTS,Tunnel and Civil Design,"Ventilation Shafts, Launching Pits, and Cross-Passage Register",02_tunnel_civil/shafts_cross_passages.csv,CF763 Muzhishan Contract Documents & EIA Environmental Statement,2024-10-18,"Chainage: km, Depth: m, Length: m, Dimensions: m",EPSG:3826,LOD 300 (+/- 0.5m),Taiwan Government Procurement Database,+/- 2%
DS-02-GEO,Tunnel and Civil Design,"Geotechnical Strata Zones, Permeability, SPT-N, and Lun-tou Fault Parameters",02_tunnel_civil/geotechnical_strata_zones.csv,Central Geological Survey (GSMDA) Taipei Basin Core Logs & DORTS Geotechnical Investigation Reports,2023-11-15,"SPT-N: blows/30cm, Permeability: m/s, Pressure: bar, Strength: MPa",Linear Chainage Reference,Geotechnical Zoned Synthesis (+/- 15% spatial variation),GSMDA Open Access Geological Data,+/- 20% on hydraulic conductivity and fault zone gouge width
DS-02-IFC,Tunnel and Civil Design,IFC4.3 Civil Infrastructure Entity Mapping & Spatial GUID Breakdown,02_tunnel_civil/ifc_civil_identifiers_mapping.json,buildingSMART IFC4.3 Rail & Tunnel Standard Schema mapping for Taipei Circular Line,2026-10-06,IFC4x3 Standard Schema,EPSG:3826 / IFC World Coordinate System,BIM / Digital Twin Exchange Standard,buildingSMART International Open BIM,Deterministic semantic schema
DS-03-RS,Rolling Stock and Signalling,Hitachi 4-Car Driverless EMU Rolling Stock Technical Parameters,03_rolling_stock_signalling/rolling_stock_specifications.csv,Hitachi Rail Italy Circular Line Rolling Stock Technical Manual (CF610/CF617),2023-04-12,"Dimensions: m, Mass: kg, Speed: km/h, Accel: m/s2, Power: kW/V",Vehicle Coordinate System,Factory Manufacturer Test Certificate (+/- 1%),Public Transit System Data / Open Technical Norms,+/- 1.5% tare weight variation across builds
DS-03-CBTC,Rolling Stock and Signalling,"CBTC GoA4 Moving Block Signalling, Headway, and Safety Brake Parameters",03_rolling_stock_signalling/signalling_cbtc_parameters.csv,IEEE 1474.1 CBTC Standard & DORTS Circular Line Signalling Contract Requirements,2024-01-10,"Time: s/ms, Distance: m, Speed: km/h",Operational Moving Block Domain,Vital Signalling Calculation Level,Technical Standard Norm,+/- 5% on adhesion-limited worst-case stopping distance
DS-04-TT,Service Operations,Operational Timetables (Double-Track Baseline vs Counterfactual S1 & S3),04_service_operations/operational_timetable_baseline.csv,Taipei Metro TRTC Circular Line Operating Schedule & DORTS Service Plan,2024-09-01,"Headway: s/min, Frequency: trains/hr, Duration: hr, Capacity: pphpd",24-Hour Operational Clock,Operational Service Model (+/- 10s headway precision),Public Transit Schedule Open Data,+/- 5%
DS-05-OD,Demand and Ridership,Station-to-Station Origin-Destination (OD) Travel Demand Matrices,05_demand_ridership/station_od_matrix_am_peak.csv,Calibrated from TDX / TRTC Smartcard AFC Validation Data & TRTS-V Macro Transportation Model,2024-11-20,Passengers / Hour (hourly boarding-alighting pairs),12-Station Network Topology,Calibrated Regional Transportation Demand Model,TDX Transport Data eXchange Open License,+/- 15% on peak directional OD flow
DS-05-GROWTH,Demand and Ridership,Horizon Demand Growth Scenarios (Opening 2032 to Target Horizon 2051),05_demand_ridership/demand_growth_scenarios_2032_2051.csv,DORTS Comprehensive Planning Report Travel Forecast Chapter (目標年140年旅運量預測),2023-03-29,Trips / Day and Passengers / Hour (pphpd),Temporal Horizon Projection,Long-Term Transportation Planning Model,Taiwan Government Open Data License v1.0,+/- 25% for 2051 long-range horizon
DS-06-LCC,Lifecycle Costs,"30-Year Lifecycle Cost Comparison (CAPEX, OPEX, Renewal, and Salvage)",06_lifecycle_costs/lifecycle_cost_comparison_30yr.csv,"Synthesized from Taiwan Public Construction Commission (PCC) Unit Cost Database, MOTC Appraisal Norms",2026-03-15,"Monetary: TWD Billion (NT$ Billions), Discount Rate: 3.5%",Discounted Cash Flow 30-Year Horizon,Feasibility & Preliminary Engineering Cost Estimation Class 3 (+/- 15%),Open Construction Economics Benchmark,"+/- 15% CAPEX, +/- 20% OPEX"
DS-07-RISK,"Risk, Safety and Regulations","Reliability MTBF, Delay Distributions, NFPA 130 Egress, and Hazard Resilience",07_risk_safety_regulations/evacuation_nfpa130_compliance.csv,"NFPA 130 (2023 Edition), Taiwan Mass Rapid Transit Act (大眾捷運法), Taipei Fire Department Life Safety Codes",2024-08-30,"Time: min, Velocity: m/s, Acceleration: g, Water Level: m MSL",Life Safety Normative Standards,Normative Regulatory Thresholds,NFPA Standard Open Guidelines / Taiwan Laws & Regulations Database,+/- 10% on simulated egress clearing times
