speed_kmh,speed_mps,tractive_effort_total_kn,acceleration_ms2,braking_force_service_kn,service_decel_ms2,braking_force_emerg_kn,emergency_decel_ms2,power_output_kw
0.0,0.0,164.8,1.0,164.8,1.0,214.2,1.3,0.0
10.0,2.78,164.8,1.0,164.8,1.0,214.2,1.3,458.1
20.0,5.56,164.8,1.0,164.8,1.0,214.2,1.3,916.3
30.0,8.33,164.8,1.0,164.8,1.0,214.2,1.3,1374.4
35.0,9.72,164.8,1.0,164.8,1.0,214.2,1.3,1603.5
40.0,11.11,144.2,0.87,164.8,1.0,214.2,1.3,1602.1
50.0,13.89,115.4,0.7,164.8,1.0,214.2,1.3,1603.0
60.0,16.67,96.1,0.58,164.8,1.0,214.2,1.3,1601.9
70.0,19.44,82.4,0.5,164.8,1.0,214.2,1.3,1601.8
80.0,22.22,69.2,0.42,164.8,1.0,214.2,1.3,1537.6
