file_path,registry_id,registered_in_v1,evidence_class,permitted_model_use,source_label,source_url_or_document_id,page_table_drawing,issue_or_condition
01_alignment_topology/alignment_horizontal_curves.csv,DS-01-CURV,YES,REJECTED,BLOCKED,DORTS Basic Engineering Alignment Drawings & DORTS MRT Alignment Design Manual,1120329-DORTS-PLAN,Section 8.1.1 p. 8-1 to 8-3,Collected 220 m minimum conflicts with approved 50 m minimum; no drawing-level source.
01_alignment_topology/alignment_stations.csv,DS-01-STA,YES,MIXED,BLOCKED,DORTS Circular Line East Section Comprehensive Planning Report & EIA,1120329-DORTS-PLAN,Summary p. 摘-4; Table 8.1-1 p. 8-4; Table 9.1-1 p. 9-6,Official station sequence mixed with untraced geometry; platform types and total chainage conflict with the approved plan.
01_alignment_topology/alignment_vertical_gradients.csv,DS-01-GRAD,YES,REJECTED,BLOCKED,DORTS East Section Civil Contract Alignment Specifications (CF710-CF763),1120329-DORTS-PLAN,Section 8.1.1 p. 8-1; Table 8.1-1 p. 8-4,Collected 3.25% maximum conflicts with approved 5.38% maximum; no drawing-level source.
01_alignment_topology/circular_line_east_alignment.geojson,DS-01-GEOJSON,YES,DERIVED,CONDITIONAL,"Assembled from TDX Open Data API, DORTS GIS layers, and Survey Centroids",1120329-DORTS-PLAN,General planning report,Derived geometry; metadata claims centimetric mapping but also +/-5 m accuracy.
01_alignment_topology/railml_infrastructure_east_section.xml,DS-01-RAILML,YES,DERIVED,CONDITIONAL,Compiled by Pipeline Data Collection Agent according to railML 3.2 schema,1120329-DORTS-PLAN,railML 3.2 schema; Chapter 8 topology,XML well-formed only; no official railML 3.2 XSD bundle or validation log; verified in 08_quality_control/railml_validation_report.md.
01_alignment_topology/single_track_candidate_sections.csv,,NO,ASSUMED,SCREENING_ONLY,DORTS Comprehensive Plan (112年3月核定本),1120329-DORTS-PLAN,General planning report,"Research alternatives and verdicts, not observed infrastructure."
01_alignment_topology/special_trackwork_crossovers.csv,DS-01-XO,YES,UNVERIFIED,BLOCKED,DORTS Signalling & Trackwork Interface Document (CF610/CF617),1120329-DORTS-PLAN,"Section 8.2.2 p. 8-17, Table 8.2-5, Figure 8.2-8",Trackwork locations and turnout details lack traceable contract references.
02_tunnel_civil/civil_spatial_constraints.csv,,NO,MIXED,CONDITIONAL,DORTS Comprehensive Plan (112年3月核定本),1120329-DORTS-PLAN,Section 5.3 p. 5-18 to 5-19; Table 7.3-4,Crossings are broadly plausible; clearance and engineering values require drawings.
02_tunnel_civil/geotechnical_strata_zones.csv,DS-02-GEO,YES,UNVERIFIED,CONDITIONAL,Central Geological Survey (GSMDA) Taipei Basin Core Logs & DORTS Geotechnical Investigation Reports,1120329-DORTS-PLAN,Chapter 7 geotechnical survey,Geological strata zones mapped to Taipei Basin and Muzhishan formations.
02_tunnel_civil/ifc_civil_identifiers_mapping.json,DS-02-IFC,YES,DERIVED,SCREENING_ONLY,buildingSMART IFC4.3 Rail & Tunnel Standard Schema mapping for Taipei Circular Line,1120329-DORTS-PLAN,General planning report,"Semantic mapping, not an IFC engineering model."
02_tunnel_civil/shafts_cross_passages.csv,DS-02-SHAFTS,YES,MIXED,CONDITIONAL,CF763 Muzhishan Contract Documents & EIA Environmental Statement,1131224-DORTS-CF763,CF763 contract overview; Table 7.3-8 p. 7-73,CF763 has one shaft and six connecting passages officially reported; detailed dimensions/chainages require document citations.
02_tunnel_civil/tunnel_bore_specifications.csv,DS-02-BORE,YES,MIXED,CONDITIONAL,"DORTS Shield Tunnel Design Criteria & Tender Package Specifications CF710, CF720, CF763",1120329-DORTS-PLAN,Section 5.3 p. 5-19; Table 12.1-7 p. 12-10,Official twin-bore concept mixed with untraced dimensions and hypothetical alternatives.
03_rolling_stock_signalling/degraded_operation_rules.csv,,NO,ASSUMED,SCREENING_ONLY,DORTS Comprehensive Plan (112年3月核定本),1120329-DORTS-PLAN,General planning report,Scenario rules require operator and interlocking confirmation.
03_rolling_stock_signalling/railml_rollingstock_hitachi_emu.xml,,NO,DERIVED,CONDITIONAL,DORTS Comprehensive Plan (112年3月核定本),1120329-DORTS-PLAN,railML 3.2 schema; Section 8.2.1,XML well-formed only; no official railML 3.2 XSD bundle or validation log; verified in 08_quality_control/railml_validation_report.md.
03_rolling_stock_signalling/rolling_stock_specifications.csv,DS-03-RS,YES,MIXED,CONDITIONAL,Hitachi Rail Italy Circular Line Rolling Stock Technical Manual (CF610/CF617),1120329-DORTS-PLAN,Section 8.2.1 p. 8-8,Existing Circular Line vehicle is a proxy until East Section fleet compatibility is confirmed.
03_rolling_stock_signalling/signalling_cbtc_parameters.csv,DS-03-CBTC,YES,PROXY,CONDITIONAL,IEEE 1474.1 CBTC Standard & DORTS Circular Line Signalling Contract Requirements,1120329-DORTS-PLAN,Section 7.3 & Section 8.2,Generic/assumed CBTC values mixed with proposed service parameters.
03_rolling_stock_signalling/tractive_braking_performance_curves.csv,,NO,PROXY,CONDITIONAL,DORTS Comprehensive Plan (112年3月核定本),1120329-DORTS-PLAN,Chapter 7 train performance specs,Engineering curve requires manufacturer/source table traceability.
04_service_operations/dwell_turnback_times.csv,,NO,PROXY,CONDITIONAL,DORTS Comprehensive Plan (112年3月核定本),1120329-DORTS-PLAN,Section 8.2.1 p. 8-8; p. 8-15,Requires observed distribution or approved operating plan.
04_service_operations/maintenance_window_rules.csv,,NO,MIXED,CONDITIONAL,DORTS Comprehensive Plan (112年3月核定本),1120329-DORTS-PLAN,Section 8.2.3 p. 8-18,Revenue closure window plausible; possessions and single-bore rules require operator confirmation.
04_service_operations/operational_timetable_baseline.csv,DS-04-TT,YES,ASSUMED,SCREENING_ONLY,Taipei Metro TRTC Circular Line Operating Schedule & DORTS Service Plan,1120329-DORTS-PLAN,Table 8.2-2 p. 8-9; Section 8.2.2 pp. 8-11 to 8-13,Time-band service plan; supplemented by train_event_timetable_approved_baseline.csv.
04_service_operations/operational_timetable_counterfactual_S1.csv,,NO,ASSUMED,REJECTED_AS_WRITTEN,DORTS Comprehensive Plan (112年3月核定本),1120329-DORTS-PLAN,General planning report,Six-minute S1 claim leaves inadequate recovery and contradicts its stated 150-second buffer.
04_service_operations/operational_timetable_counterfactual_S3.csv,,NO,ASSUMED,SCREENING_ONLY,DORTS Comprehensive Plan (112年3月核定本),1120329-DORTS-PLAN,General planning report,No train-event or route-conflict timetable.
05_demand_ridership/demand_growth_scenarios_2032_2051.csv,DS-05-GROWTH,YES,FORECAST,CONDITIONAL,DORTS Comprehensive Planning Report Travel Forecast Chapter (目標年140年旅運量預測),1120329-DORTS-PLAN,Table 6.2-10 p. 6-20; Summary p. 摘-5,Scenario derivation documented against official master plan.
05_demand_ridership/link_load_profiles.csv,,NO,FORECAST,CONDITIONAL,DORTS Comprehensive Plan (112年3月核定本),1120329-DORTS-PLAN,Table 6.2-9 p. 6-19,Reconciled with official Table 6.2-9 in 08_analysis_ready/official_link_loads.csv.
05_demand_ridership/station_od_matrix_am_peak.csv,DS-05-OD,YES,PROXY,CONDITIONAL,Calibrated from TDX / TRTC Smartcard AFC Validation Data & TRTS-V Macro Transportation Model,1120329-DORTS-PLAN,Table 6.2-8 p. 6-18; Table 6.2-9 p. 6-19,Synthetic/calibrated matrix; reconciled with official Table 6.2-9 in 08_analysis_ready.
05_demand_ridership/station_od_matrix_off_peak.csv,,NO,PROXY,CONDITIONAL,DORTS Comprehensive Plan (112年3月核定本),1120329-DORTS-PLAN,General planning report,Synthetic/calibrated matrix; forecast horizon and assignment path are not specified.
05_demand_ridership/station_od_matrix_pm_peak.csv,,NO,PROXY,CONDITIONAL,DORTS Comprehensive Plan (112年3月核定本),1120329-DORTS-PLAN,General planning report,Synthetic/calibrated matrix; forecast horizon and assignment path are not specified.
06_lifecycle_costs/lifecycle_cost_comparison_30yr.csv,DS-06-LCC,YES,REJECTED,REJECTED_AS_WRITTEN,"Synthesized from Taiwan Public Construction Commission (PCC) Unit Cost Database, MOTC Appraisal Norms",1120329-DORTS-PLAN,Table 12.1-2 p. 12-92; Chapter 17 p. 17-10,Reported NPV unreconciled; replaced by official_lifecycle_cost_baseline.csv.
06_lifecycle_costs/single_to_double_conversion_penalties.csv,,NO,ASSUMED,SCREENING_ONLY,DORTS Comprehensive Plan (112年3月核定本),1120329-DORTS-PLAN,General planning report,Scenario cost components require construction programme and quantity support.
06_lifecycle_costs/station_crossover_capex.csv,,NO,PROXY,SCREENING_ONLY,DORTS Comprehensive Plan (112年3月核定本),1120329-DORTS-PLAN,General planning report,"Requires quantities, price year and source contracts."
06_lifecycle_costs/unit_costs_civil_systems.csv,,NO,PROXY,CONDITIONAL,DORTS Comprehensive Plan (112年3月核定本),1120329-DORTS-PLAN,Table 12.1-7 p. 12-10; Table 12.1-2 p. 12-92,Benchmark values reconciled with Table 12.1-7 in 08_analysis_ready/official_lifecycle_cost_baseline.csv.
07_risk_safety_regulations/delay_distribution_parameters.csv,,NO,ASSUMED,SCREENING_ONLY,DORTS Comprehensive Plan (112年3月核定本),1120329-DORTS-PLAN,General planning report,Distribution parameters are not fitted to cited observations.
07_risk_safety_regulations/environmental_hazards_resilience.csv,,NO,MIXED,CONDITIONAL,DORTS Comprehensive Plan (112年3月核定本),1120329-DORTS-PLAN,General planning report,Hazard values require map/report citations and project design criteria.
07_risk_safety_regulations/equipment_reliability_failure_rates.csv,,NO,PROXY,SCREENING_ONLY,DORTS Comprehensive Plan (112年3月核定本),1120329-DORTS-PLAN,General planning report,MTBF/MTTR values lack fleet or supplier evidence.
07_risk_safety_regulations/evacuation_nfpa130_compliance.csv,DS-07-RISK,YES,ASSUMED,CONDITIONAL,"NFPA 130 (2023 Edition), Taiwan Mass Rapid Transit Act (大眾捷運法), Taipei Fire Department Life Safety Codes",1120329-DORTS-PLAN,Table 9.1-5 p. 9-10; Section 9.1.3 p. 9-9,Replaced by official width/lane design summary in 08_analysis_ready/official_station_evacuation_nfpa130.csv; derived egress times/PASS unsupported.
07_risk_safety_regulations/tunnel_ventilation_fire_safety.csv,,NO,PROXY,CONDITIONAL,DORTS Comprehensive Plan (112年3月核定本),1120329-DORTS-PLAN,Table 7.3-8 p. 7-73,Authority ventilation design documented in Table 7.3-8.
