domain,parameter,official_value,official_document_id,official_document_title,chapter_section,table_figure,page_citation,url
Alignment,Total Route Length,13.25 km,1120329-DORTS-PLAN,臺北都會區大眾捷運系統環狀線東環段暨周邊土地開發計畫綜合規劃報告書(112年3月核定本),Summary & Section 5.3,Table 8.1-1,Summary p. 摘-4; Section 5.3 p. 5-19; p. 8-4,https://www.dorts.gov.taipei/News_Content.aspx?n=4027AA15756300C8&s=1B647A54DF3E09B7&sms=4E98D53D04E37D56
Alignment,Minimum Curve Radius,50 m,1120329-DORTS-PLAN,臺北都會區大眾捷運系統環狀線東環段暨周邊土地開發計畫綜合規劃報告書(112年3月核定本),Section 8.1.1,Text p. 8-1,p. 8-1,https://www.dorts.gov.taipei/News_Content.aspx?n=4027AA15756300C8&s=1B647A54DF3E09B7&sms=4E98D53D04E37D56
Alignment,Maximum Vertical Grade,5.38% (53.8 permille),1120329-DORTS-PLAN,臺北都會區大眾捷運系統環狀線東環段暨周邊土地開發計畫綜合規劃報告書(112年3月核定本),Section 8.1.1,Text p. 8-1,p. 8-1,https://www.dorts.gov.taipei/News_Content.aspx?n=4027AA15756300C8&s=1B647A54DF3E09B7&sms=4E98D53D04E37D56
Alignment,Station Platform Types,9 Island Stations; 1 Stacked Station (Y39),1120329-DORTS-PLAN,臺北都會區大眾捷運系統環狀線東環段暨周邊土地開發計畫綜合規劃報告書(112年3月核定本),Section 5.3 & Section 9.1,Table 9.1-1; Table 9.1-5,p. 5-19; p. 9-6; p. 9-10,https://www.dorts.gov.taipei/News_Content.aspx?n=4027AA15756300C8&s=1B647A54DF3E09B7&sms=4E98D53D04E37D56
Civil Tunnel,CF763 Mountain Tunnel Lengths,Up-line 3132m; Down-line 3148m; 6 cross passages,1131224-DORTS-CF763,捷運環狀線東環段CF763區段標工程,Project Overview,Web Page,cp.aspx?n=F47E41B6C8884DC6&s=9523DB9FBC46B35B,https://www.dorts.gov.taipei/cp.aspx?n=F47E41B6C8884DC6&s=9523DB9FBC46B35B
Civil Tunnel,CF763 Construction Start Date,2024-12-24,1131224-DORTS-CF763,捷運環狀線東環段CF763區段標工程,Project Overview,Web Page,cp.aspx?n=F47E41B6C8884DC6&s=9523DB9FBC46B35B,https://www.dorts.gov.taipei/cp.aspx?n=F47E41B6C8884DC6&s=9523DB9FBC46B35B
Special Trackwork,Crossover & Pocket Track Locations,Y33 scissors crossover; Y34-Y35 pocket siding; Y38-Y39 pocket siding,1120329-DORTS-PLAN,臺北都會區大眾捷運系統環狀線東環段暨周邊土地開發計畫綜合規劃報告書(112年3月核定本),Section 8.2.2,Table 8.2-5; Figure 8.2-8,p. 8-17,https://www.dorts.gov.taipei/News_Content.aspx?n=4027AA15756300C8&s=1B647A54DF3E09B7&sms=4E98D53D04E37D56
Rolling Stock,Vehicle Configuration & Capacity,4-Car Driverless EMU; AW3 650 pax; Max 80 km/h,1120329-DORTS-PLAN,臺北都會區大眾捷運系統環狀線東環段暨周邊土地開發計畫綜合規劃報告書(112年3月核定本),Chapter 7 & Chapter 8,Section 8.2.1,p. 8-8,https://www.dorts.gov.taipei/News_Content.aspx?n=4027AA15756300C8&s=1B647A54DF3E09B7&sms=4E98D53D04E37D56
Service Operations,AM Peak CCW Headway & Capacity,150s (2.5 min); 24 tph; 15600 pphpd nominal capacity,1120329-DORTS-PLAN,臺北都會區大眾捷運系統環狀線東環段暨周邊土地開發計畫綜合規劃報告書(112年3月核定本),Section 8.2.1,Table 8.2-2; Figure 8.2-3,p. 8-9,https://www.dorts.gov.taipei/News_Content.aspx?n=4027AA15756300C8&s=1B647A54DF3E09B7&sms=4E98D53D04E37D56
Service Operations,AM Peak CW Headway & Capacity,198s (3.3 min); 18.18 tph; 11818 pphpd nominal capacity,1120329-DORTS-PLAN,臺北都會區大眾捷運系統環狀線東環段暨周邊土地開發計畫綜合規劃報告書(112年3月核定本),Section 8.2.1,Table 8.2-2; Figure 8.2-3,p. 8-9,https://www.dorts.gov.taipei/News_Content.aspx?n=4027AA15756300C8&s=1B647A54DF3E09B7&sms=4E98D53D04E37D56
Service Operations,Fleet Requirement & Circulation,69 total trainsets (66 active in peak: 48 full-ring + 18 short-turn + 3 spares),1120329-DORTS-PLAN,臺北都會區大眾捷運系統環狀線東環段暨周邊土地開發計畫綜合規劃報告書(112年3月核定本),Section 8.2.2,Table 8.2-3; pp. 8-11 to 8-13,Summary p. 摘-6; pp. 8-11 to 8-13,https://www.dorts.gov.taipei/News_Content.aspx?n=4027AA15756300C8&s=1B647A54DF3E09B7&sms=4E98D53D04E37D56
Demand,Target Year 2051 AM Peak Critical Flow,15250 pphpd (Counterclockwise Y36 to Y35),1120329-DORTS-PLAN,臺北都會區大眾捷運系統環狀線東環段暨周邊土地開發計畫綜合規劃報告書(112年3月核定本),Section 6.2.2 & 17.1,Table 6.2-9; Table 8.2-2,p. 6-19; p. 8-9; p. 17-2,https://www.dorts.gov.taipei/News_Content.aspx?n=4027AA15756300C8&s=1B647A54DF3E09B7&sms=4E98D53D04E37D56
Demand,Y39 to Y01 Mountain Link Demand,10310 pphpd (Inbound to Taipei East / Counterclockwise),1120329-DORTS-PLAN,臺北都會區大眾捷運系統環狀線東環段暨周邊土地開發計畫綜合規劃報告書(112年3月核定本),Section 8.3 & Section 6.2,Table 6.2-9; Figure 8.3-1,p. 6-19; p. 8-19,https://www.dorts.gov.taipei/News_Content.aspx?n=4027AA15756300C8&s=1B647A54DF3E09B7&sms=4E98D53D04E37D56
Cost,Approved Construction CAPEX,NT$ 102.486 billion,1120329-DORTS-PLAN,臺北都會區大眾捷運系統環狀線東環段暨周邊土地開發計畫綜合規劃報告書(112年3月核定本),Summary & Section 12.1,Table 12.1-2; Table 17.1-1,Summary p. 摘-7; p. 12-92; p. 17-10,https://www.dorts.gov.taipei/News_Content.aspx?n=4027AA15756300C8&s=1B647A54DF3E09B7&sms=4E98D53D04E37D56
Cost,Economic & Financial Appraisal Rates,Economic 4.0%; Financial 3.0%,1120329-DORTS-PLAN,臺北都會區大眾捷運系統環狀線東環段暨周邊土地開發計畫綜合規劃報告書(112年3月核定本),Chapter 2 & Chapter 12,Assumptions p. 2-19; Section 12.4.3 p. 12-93,p. 2-19; p. 12-93,https://www.dorts.gov.taipei/News_Content.aspx?n=4027AA15756300C8&s=1B647A54DF3E09B7&sms=4E98D53D04E37D56
Safety,Station Platform Evacuation (NFPA 130),Platform clearance <= 4 min; Safe haven <= 6 min; N-1 escalator failure,1120329-DORTS-PLAN,臺北都會區大眾捷運系統環狀線東環段暨周邊土地開發計畫綜合規劃報告書(112年3月核定本),Section 9.1.3,Table 9.1-5,p. 9-9; p. 9-10,https://www.dorts.gov.taipei/News_Content.aspx?n=4027AA15756300C8&s=1B647A54DF3E09B7&sms=4E98D53D04E37D56
