file_path,sha256,byte_size,snapshot_label,historical_provenance_status
01_alignment_topology/alignment_horizontal_curves.csv,1424fb76b1a8bed07f8fcbd3ebcb409e94bd1e6b1bfacba2dd565407c5f1f659,1099,CURRENT_WORKSPACE_SNAPSHOT,NOT_VERIFIABLE_FROM_AVAILABLE_HISTORY
01_alignment_topology/alignment_stations.csv,4c079ed1ddcec30a90689692e0b05dd005ec5ecaa9c16ddd9d5f601bf1003910,2353,CURRENT_WORKSPACE_SNAPSHOT,NOT_VERIFIABLE_FROM_AVAILABLE_HISTORY
01_alignment_topology/alignment_vertical_gradients.csv,935aea636ab16a6299a9b4a0836692197b4bfe2d2dc3540548c3d1a64449d212,2233,CURRENT_WORKSPACE_SNAPSHOT,NOT_VERIFIABLE_FROM_AVAILABLE_HISTORY
01_alignment_topology/circular_line_east_alignment.geojson,09756e1d44b98b41d8016a36e808ec04c15b4b374bce30583286b36c68dd8bb5,9527,CURRENT_WORKSPACE_SNAPSHOT,NOT_VERIFIABLE_FROM_AVAILABLE_HISTORY
01_alignment_topology/railml_infrastructure_east_section.xml,aa2944ff31071a7f8a9adbf285996e35c4e0cba495534e7be89d183890aeeaa4,3200,CURRENT_WORKSPACE_SNAPSHOT,NOT_VERIFIABLE_FROM_AVAILABLE_HISTORY
01_alignment_topology/single_track_candidate_sections.csv,ecf6faeb908a03205179e0dc4d6d4d39d22ab990ebf2f7aaf611e7e6a4cd3bed,1871,CURRENT_WORKSPACE_SNAPSHOT,NOT_VERIFIABLE_FROM_AVAILABLE_HISTORY
01_alignment_topology/special_trackwork_crossovers.csv,82ef9497269101773cab73b239006efb82eda100cc3d0966ec322239f602000b,1057,CURRENT_WORKSPACE_SNAPSHOT,NOT_VERIFIABLE_FROM_AVAILABLE_HISTORY
02_tunnel_civil/civil_spatial_constraints.csv,0fcf7489e27dc3e9706e3f4b47f3e6675f3fce1bd3243438759100a58a753cac,2339,CURRENT_WORKSPACE_SNAPSHOT,NOT_VERIFIABLE_FROM_AVAILABLE_HISTORY
02_tunnel_civil/geotechnical_strata_zones.csv,625fa0b9404bf0759028bb75842b8623837296359619372a312a9690cd43cbbe,2061,CURRENT_WORKSPACE_SNAPSHOT,NOT_VERIFIABLE_FROM_AVAILABLE_HISTORY
02_tunnel_civil/ifc_civil_identifiers_mapping.json,8b0a8007630a9d2661c488a25a997cbe1d3991eb1dd72be6c51b6c118943794b,5044,CURRENT_WORKSPACE_SNAPSHOT,NOT_VERIFIABLE_FROM_AVAILABLE_HISTORY
02_tunnel_civil/shafts_cross_passages.csv,4f9615309fab0361bf566baf1b2827de32be6553bebe2fbfa96d000f9c4eb3e9,2469,CURRENT_WORKSPACE_SNAPSHOT,NOT_VERIFIABLE_FROM_AVAILABLE_HISTORY
02_tunnel_civil/tunnel_bore_specifications.csv,a4d26ca734e6cdb2982ab27f266627cb5098e02a38d4869ff45611d554946ab0,2099,CURRENT_WORKSPACE_SNAPSHOT,NOT_VERIFIABLE_FROM_AVAILABLE_HISTORY
03_rolling_stock_signalling/degraded_operation_rules.csv,f7aca355c5c0841bca7fd15805698a89da541d61994bc5c111b7953a8d3da0fc,1425,CURRENT_WORKSPACE_SNAPSHOT,NOT_VERIFIABLE_FROM_AVAILABLE_HISTORY
03_rolling_stock_signalling/railml_rollingstock_hitachi_emu.xml,419c9fb0c4460f33064ae573135c493180c87a52f7a53577fe468cfdd25d9420,1294,CURRENT_WORKSPACE_SNAPSHOT,NOT_VERIFIABLE_FROM_AVAILABLE_HISTORY
03_rolling_stock_signalling/rolling_stock_specifications.csv,0291e892362daa44ae82cd42a169aed866a9191f5311ab1017e7cd174db76dd8,3197,CURRENT_WORKSPACE_SNAPSHOT,NOT_VERIFIABLE_FROM_AVAILABLE_HISTORY
03_rolling_stock_signalling/signalling_cbtc_parameters.csv,e4bdecc77ec731a81290fe913dec8bb7835471ddea8dc848721fb437f1ee559d,1778,CURRENT_WORKSPACE_SNAPSHOT,NOT_VERIFIABLE_FROM_AVAILABLE_HISTORY
03_rolling_stock_signalling/tractive_braking_performance_curves.csv,c726e2ba6ba297d662fc995ae1eee84a6f66bb6be44982040f7374eeb8bfa42a,643,CURRENT_WORKSPACE_SNAPSHOT,NOT_VERIFIABLE_FROM_AVAILABLE_HISTORY
04_service_operations/dwell_turnback_times.csv,b1e0a3f7c173ff073c126c1a8f4ef32eb8d95274a3463fcb07d5533bed6d0b7d,1545,CURRENT_WORKSPACE_SNAPSHOT,NOT_VERIFIABLE_FROM_AVAILABLE_HISTORY
04_service_operations/maintenance_window_rules.csv,ae7ce9968c950e34226c1841e6634776580658ae5b735d5203f829808f71dd78,817,CURRENT_WORKSPACE_SNAPSHOT,NOT_VERIFIABLE_FROM_AVAILABLE_HISTORY
04_service_operations/operational_timetable_baseline.csv,6f3a03eb534f6b2a6bf9325554a0ff2801b403b812039ad7a29f0d0ab152904a,1318,CURRENT_WORKSPACE_SNAPSHOT,NOT_VERIFIABLE_FROM_AVAILABLE_HISTORY
04_service_operations/operational_timetable_counterfactual_S1.csv,89ac35398e3c2bb175736ff7e586807b338a5fe2cfc5309cfd700bfa6ed71a67,1325,CURRENT_WORKSPACE_SNAPSHOT,NOT_VERIFIABLE_FROM_AVAILABLE_HISTORY
04_service_operations/operational_timetable_counterfactual_S3.csv,930e69a2b460cb96b623c6ce1a5683b6eeac7c05c3b5dbc6e16ce5cd056e068e,735,CURRENT_WORKSPACE_SNAPSHOT,NOT_VERIFIABLE_FROM_AVAILABLE_HISTORY
05_demand_ridership/demand_growth_scenarios_2032_2051.csv,dfb3379171eb8c35e2f10c5ee63a1601e8db8ca31426ed383541f8b919c6e48f,1183,CURRENT_WORKSPACE_SNAPSHOT,NOT_VERIFIABLE_FROM_AVAILABLE_HISTORY
05_demand_ridership/link_load_profiles.csv,ac23640be74d31a512d9f578c0347ca7132a9e0d79b31a8d8cdc38e6c9109bb9,1128,CURRENT_WORKSPACE_SNAPSHOT,NOT_VERIFIABLE_FROM_AVAILABLE_HISTORY
05_demand_ridership/station_od_matrix_am_peak.csv,7bf4f9a5f4166c25f01cc40983b16861da002b88687e3f30ab25fd1f805835c8,591,CURRENT_WORKSPACE_SNAPSHOT,NOT_VERIFIABLE_FROM_AVAILABLE_HISTORY
05_demand_ridership/station_od_matrix_off_peak.csv,9072145f5c532ab09980b9a91f65b23530623f6bd0cf2f8a991e227b54eaedca,584,CURRENT_WORKSPACE_SNAPSHOT,NOT_VERIFIABLE_FROM_AVAILABLE_HISTORY
05_demand_ridership/station_od_matrix_pm_peak.csv,3ca8507b6d477d2afb4b8c91f6955c462ad9f889cc927bed2c571f7f58d39b39,591,CURRENT_WORKSPACE_SNAPSHOT,NOT_VERIFIABLE_FROM_AVAILABLE_HISTORY
06_lifecycle_costs/lifecycle_cost_comparison_30yr.csv,fbc52a2037a9d3f6b7f25e1376afb0250956f9b98cd93fc3a28488da1b3f4583,1740,CURRENT_WORKSPACE_SNAPSHOT,NOT_VERIFIABLE_FROM_AVAILABLE_HISTORY
06_lifecycle_costs/single_to_double_conversion_penalties.csv,4766bbb84ba993a008754d27b5b0a72f98ecf0a1bfcfb15c2d1b8d2ce07d9927,1373,CURRENT_WORKSPACE_SNAPSHOT,NOT_VERIFIABLE_FROM_AVAILABLE_HISTORY
06_lifecycle_costs/station_crossover_capex.csv,d6c0df1b2214954096b72024b72f434955cb36e8bd6a210e9adf2dfefd42c118,1444,CURRENT_WORKSPACE_SNAPSHOT,NOT_VERIFIABLE_FROM_AVAILABLE_HISTORY
06_lifecycle_costs/unit_costs_civil_systems.csv,d6f1f210d3cb14065dda1c913fdad1697aab6907d40a183e11d8acb902f43b7a,2505,CURRENT_WORKSPACE_SNAPSHOT,NOT_VERIFIABLE_FROM_AVAILABLE_HISTORY
07_risk_safety_regulations/delay_distribution_parameters.csv,967abf58c3f65ebf46c603a6cb0313f391f7d9e5376f72e4d677f9b9021d924e,1123,CURRENT_WORKSPACE_SNAPSHOT,NOT_VERIFIABLE_FROM_AVAILABLE_HISTORY
07_risk_safety_regulations/environmental_hazards_resilience.csv,35f36735343184401b739374379058e20bed03f1f3053d8086b96fbb03621ac5,1209,CURRENT_WORKSPACE_SNAPSHOT,NOT_VERIFIABLE_FROM_AVAILABLE_HISTORY
07_risk_safety_regulations/equipment_reliability_failure_rates.csv,ee8167bec86013d97e0d1b2623d6e7a6cf113633b03dc99017067bc731247ff0,1403,CURRENT_WORKSPACE_SNAPSHOT,NOT_VERIFIABLE_FROM_AVAILABLE_HISTORY
07_risk_safety_regulations/evacuation_nfpa130_compliance.csv,d12e865655f320500de81e045ec1e36f6efd7e4fec7cb6571b6b12539b528a3e,1714,CURRENT_WORKSPACE_SNAPSHOT,NOT_VERIFIABLE_FROM_AVAILABLE_HISTORY
07_risk_safety_regulations/tunnel_ventilation_fire_safety.csv,53816f9abc40cf60206a4f56f2014bd0114921b1a6734f0570a6bd8b0ad2fc69,1062,CURRENT_WORKSPACE_SNAPSHOT,NOT_VERIFIABLE_FROM_AVAILABLE_HISTORY
