curve_id,start_chainage_km,end_chainage_km,length_m,curve_radius_m,cant_superelevation_mm,spiral_transition_length_m,deflection_angle_deg,max_speed_kmh,description
C01,0.35,0.65,300,350,70,60,49.1,65,Curve from Beian Rd / Jiannan Rd into Lequn 2nd Rd
C02,1.55,1.85,300,250,90,70,68.8,55,Sharp turn from Lequn 2nd Rd entering Ruiguang Rd south
C03,4.4,4.75,350,280,85,65,71.6,55,Transition curve from Ruiguang Rd exiting to Jiuzong Rd
C04,5.8,6.15,350,500,50,60,40.1,75,Jiuzong Rd alignment curve north of East Depot junction
C05,6.85,7.45,600,600,45,80,57.3,80,Undercrossing Keelung River bed to Songshan north bank
C06,7.65,7.95,300,300,80,65,57.3,60,Curve under Bade Rd entering Songshan Rd corridor
C07,9.2,9.65,450,320,75,70,80.6,60,Connecting curve south of Yongchun into Songren Rd alignment
C08,11.8,12.4,600,450,60,80,76.4,70,Entry into Muzhishan mountain range shield section
C09,13.4,14.1,700,400,65,80,100.3,70,Mountain curve bypassing Wanfang IC foundations under Highway 3A
C10,14.3,14.65,350,220,100,60,91.1,50,Approach curve under Jingmei River entering Taipei Zoo station
