origin_station,Y29,Y30,Y31,Y32,Y33,Y34,Y35,Y36,Y37,Y38,Y39,Y01
Y29,0,86,86,86,86,86,86,86,86,86,86,336
Y30,86,0,86,86,86,86,86,86,86,86,86,336
Y31,285,285,0,86,86,86,86,564,752,591,86,174
Y32,366,366,86,0,86,86,86,705,939,739,86,217
Y33,163,163,86,86,0,86,86,443,591,464,86,137
Y34,86,86,86,86,86,0,86,302,403,316,86,93
Y35,86,86,86,86,86,86,0,86,86,86,86,336
Y36,86,86,122,122,122,122,86,0,86,86,86,336
Y37,86,86,107,107,107,107,86,86,0,86,86,336
Y38,86,86,76,76,76,76,86,86,86,0,86,336
Y39,86,86,86,86,86,86,86,86,86,86,0,230
Y01,172,172,172,172,172,172,172,172,172,172,230,0
